日期,代码,名称,价格
2026-05-18,000620,盈新发展,3.39
2026-05-18,002131,利欧股份,6.90
2026-05-18,002465,海格通信,16.01
2026-05-18,002611,东方精工,19.38
2026-05-18,300222,科大智能,13.71
2026-05-19,000685,中山公用,12.90
2026-05-19,002131,利欧股份,7.40
2026-05-19,002185,华天科技,15.30
2026-05-19,002611,东方精工,20.35
2026-05-19,300031,宝通科技,26.69
2026-05-20,000001,平安银行,10.77
2026-05-20,000003,PT金田A,NaN
2026-05-20,000004,*ST国华,NaN
2026-05-20,000005,ST星源,NaN
2026-05-20,000007,全新好,12.49
2026-05-20,000008,神州高铁,2.67
2026-05-20,000009,中国宝安,7.88
2026-05-20,000013,*ST石化A,NaN
2026-05-20,000015,PT中浩A,NaN
2026-05-20,000016,*ST康佳A,3.23
2026-05-20,000018,神城A退,NaN
2026-05-20,000019,深粮控股,6.97
2026-05-20,000021,深科技,37.85
2026-05-20,000023,*ST深天,NaN
2026-05-20,000024,招商地产,NaN
2026-05-20,000028,国药一致,24.00
2026-05-20,000032,深桑达Ａ,20.00
2026-05-20,000033,新都退,NaN
2026-05-20,000036,华联控股,5.68
2026-05-20,000038,大通退,NaN
2026-05-20,000040,*ST旭蓝,NaN
2026-05-20,000042,中洲控股,10.23
2026-05-20,000045,深纺织Ａ,12.20
2026-05-20,000046,*ST泛海,NaN
2026-05-20,000047,ST中侨,NaN
2026-05-20,000049,德赛电池,27.06
2026-05-20,000059,华锦股份,4.86
2026-05-20,000060,中金岭南,7.25
2026-05-20,000061,农 产 品,6.66
2026-05-20,000062,深圳华强,34.41
2026-05-20,000065,北方国际,12.77
2026-05-20,000066,中国长城,20.77
2026-05-20,000070,特发信息,19.84
2026-05-20,000089,深圳机场,6.73
2026-05-20,000150,*ST宜康,NaN
2026-05-20,000151,中成股份,12.07
2026-05-20,000157,中联重科,7.25
2026-05-20,000166,申万宏源,4.47
2026-05-20,000301,东方盛虹,12.72
2026-05-20,000333,美的集团,81.50
2026-05-20,000402,金 融 街,3.04
2026-05-20,000405,ST鑫光,NaN
2026-05-20,000406,石油大明,NaN
2026-05-20,000407,胜利股份,4.83
2026-05-20,000408,藏格矿业,79.91
2026-05-20,000411,英特集团,11.99
2026-05-20,000412,ST五环,NaN
2026-05-20,000413,ST旭电,NaN
2026-05-20,000416,*ST民控,NaN
2026-05-20,000417,合百集团,9.53
2026-05-20,000418,小天鹅A,NaN
2026-05-20,000420,吉林化纤,4.89
2026-05-20,000422,湖北宜化,14.85
2026-05-20,000423,东阿阿胶,50.60
2026-05-20,000425,徐工机械,9.48
2026-05-20,000426,兴业银锡,41.39
2026-05-20,000428,华天酒店,3.73
2026-05-20,000429,粤高速Ａ,13.23
2026-05-20,000430,张家界,7.64
2026-05-20,000498,山东路桥,5.33
2026-05-20,000501,武商集团,7.88
2026-05-20,000502,绿景退,NaN
2026-05-20,000504,*ST生物,9.36
2026-05-20,000506,招金黄金,14.07
2026-05-20,000508,琼民源A,NaN
2026-05-20,000511,烯碳退,NaN
2026-05-20,000513,丽珠集团,31.19
2026-05-20,000515,攀渝钛业,NaN
2026-05-20,000518,四环生物,3.41
2026-05-20,000519,中兵红箭,17.48
2026-05-20,000522,白云山A,NaN
2026-05-20,000527,美的电器,NaN
2026-05-20,000530,冰山冷热,5.95
2026-05-20,000532,华金资本,12.44
2026-05-20,000535,*ST猴王,NaN
2026-05-20,000538,云南白药,50.78
2026-05-20,000540,*ST中天,NaN
2026-05-20,000542,TCL通讯,NaN
2026-05-20,000544,中原环保,8.21
2026-05-20,000546,金圆股份,6.22
2026-05-20,000549,S湘火炬,NaN
2026-05-20,000550,江铃汽车,17.85
2026-05-20,000551,创元科技,17.74
2026-05-20,000553,安道麦A,6.71
2026-05-20,000554,泰山石油,7.76
2026-05-20,000556,PT南洋,NaN
2026-05-20,000560,我爱我家,2.96
2026-05-20,000562,宏源证券,NaN
2026-05-20,000563,陕国投Ａ,3.07
2026-05-20,000568,泸州老窖,92.20
2026-05-20,000569,长城股份,NaN
2026-05-20,000573,粤宏远Ａ,4.64
2026-05-20,000578,盐湖集团,NaN
2026-05-20,000581,威孚高科,20.04
2026-05-20,000583,S*ST托普,NaN
2026-05-20,000584,工智退,NaN
2026-05-20,000585,东电退,NaN
2026-05-20,000587,*ST金洲,NaN
2026-05-20,000588,PT粤金曼,NaN
2026-05-20,000589,贵州轮胎,4.72
2026-05-20,000590,古汉医药,10.60
2026-05-20,000592,平潭发展,10.39
2026-05-20,000593,德龙汇能,24.54
2026-05-20,000594,国恒退,NaN
2026-05-20,000595,*ST宝实,7.76
2026-05-20,000596,古井贡酒,96.07
2026-05-20,000599,青岛双星,5.81
2026-05-20,000602,金马集团,NaN
2026-05-20,000606,顺利退,NaN
2026-05-20,000608,*ST阳光,NaN
2026-05-20,000609,*ST中迪,15.60
2026-05-20,000610,*ST西旅,7.88
2026-05-20,000611,天首退,NaN
2026-05-20,000612,焦作万方,12.24
2026-05-20,000613,东海A退,NaN
2026-05-20,000615,*ST美谷,3.59
2026-05-20,000616,*ST海投,NaN
2026-05-20,000617,中油资本,8.62
2026-05-20,000618,吉林化工,NaN
2026-05-20,000620,盈新发展,3.28
2026-05-20,000621,*ST比特,NaN
2026-05-20,000622,恒立退,NaN
2026-05-20,000626,远大控股,8.35
2026-05-20,000627,*ST天茂,NaN
2026-05-20,000628,高新发展,62.39
2026-05-20,000629,钒钛股份,3.61
2026-05-20,000636,风华高科,34.00
2026-05-20,000638,*ST万方,NaN
2026-05-20,000639,ST西王,1.57
2026-05-20,000651,格力电器,39.51
2026-05-20,000653,ST九州,NaN
2026-05-20,000655,金岭矿业,7.59
2026-05-20,000656,*ST金科,1.46
2026-05-20,000657,中钨高新,55.18
2026-05-20,000658,ST海洋,NaN
2026-05-20,000659,珠海中富,4.40
2026-05-20,000660,*ST南华,NaN
2026-05-20,000662,天夏退,NaN
2026-05-20,000666,经纬纺机,NaN
2026-05-20,000667,ST美置,NaN
2026-05-20,000670,盈方微,8.73
2026-05-20,000671,ST阳光城,NaN
2026-05-20,000672,上峰水泥,18.59
2026-05-20,000673,当代退,NaN
2026-05-20,000675,ST银山,NaN
2026-05-20,000677,ST海龙,2.38
2026-05-20,000680,山推股份,11.57
2026-05-20,000682,东方电子,13.98
2026-05-20,000685,中山公用,12.48
2026-05-20,000687,华讯退,NaN
2026-05-20,000688,国城矿业,43.23
2026-05-20,000689,ST宏业,NaN
2026-05-20,000691,*ST亚太,8.32
2026-05-20,000693,华泽退,NaN
2026-05-20,000695,滨海能源,16.19
2026-05-20,000697,炼石航空,11.88
2026-05-20,000699,S*ST佳纸,NaN
2026-05-20,000700,模塑科技,14.05
2026-05-20,000703,恒逸石化,14.67
2026-05-20,000708,中信特钢,14.62
2026-05-20,000712,锦龙股份,10.98
2026-05-20,000716,黑芝麻,5.47
2026-05-20,000719,中原传媒,14.26
2026-05-20,000727,冠捷科技,2.88
2026-05-20,000729,燕京啤酒,12.70
2026-05-20,000730,*ST环保,NaN
2026-05-20,000732,ST泰禾,NaN
2026-05-20,000733,振华科技,46.89
2026-05-20,000736,*ST中地,5.38
2026-05-20,000737,北方铜业,13.94
2026-05-20,000738,航发控制,21.66
2026-05-20,000739,普洛药业,16.82
2026-05-20,000748,长城信息,NaN
2026-05-20,000752,*ST西发,9.29
2026-05-20,000758,中色股份,6.96
2026-05-20,000760,斯太退,NaN
2026-05-20,000762,西藏矿业,32.48
2026-05-20,000763,锦州石化,NaN
2026-05-20,000765,*ST华信,NaN
2026-05-20,000769,*ST大菲,NaN
2026-05-20,000776,广发证券,19.43
2026-05-20,000780,ST平能,NaN
2026-05-20,000783,长江证券,8.41
2026-05-20,000786,北新建材,24.89
2026-05-20,000787,*ST创智,NaN
2026-05-20,000790,华神科技,4.42
2026-05-20,000792,盐湖股份,32.86
2026-05-20,000793,*ST华闻,2.68
2026-05-20,000795,英洛华,9.06
2026-05-20,000799,酒鬼酒,41.68
2026-05-20,000802,北京文化,5.16
2026-05-20,000805,*ST炎黄,NaN
2026-05-20,000806,银河退,NaN
2026-05-20,000807,云铝股份,30.46
2026-05-20,000809,和展能源,4.37
2026-05-20,000810,创维数字,12.84
2026-05-20,000817,辽河油田,NaN
2026-05-20,000819,岳阳兴长,16.06
2026-05-20,000820,*ST节能,3.72
2026-05-20,000821,ST京机,10.07
2026-05-20,000823,超声电子,15.84
2026-05-20,000826,*ST启环,2.24
2026-05-20,000827,*ST长兴,NaN
2026-05-20,000828,东莞控股,10.01
2026-05-20,000831,中国稀土,52.39
2026-05-20,000832,*ST龙涤,NaN
2026-05-20,000835,长动退,NaN
2026-05-20,000836,ST富通,NaN
2026-05-20,000838,*ST发展,1.89
2026-05-20,000848,承德露露,8.85
2026-05-20,000851,*ST高鸿,NaN
2026-05-20,000858,五 粮 液,85.47
2026-05-20,000859,国风新材,10.53
2026-05-20,000861,海印股份,NaN
2026-05-20,000866,扬子石化,NaN
2026-05-20,000869,张  裕Ａ,19.22
2026-05-20,000878,云南铜业,17.87
2026-05-20,000880,潍柴重机,35.42
2026-05-20,000887,中鼎股份,18.51
2026-05-20,000890,法尔胜,12.85
2026-05-20,000893,亚钾国际,49.51
2026-05-20,000895,双汇发展,26.28
2026-05-20,000902,新洋丰,14.30
2026-05-20,000908,ST景峰,7.43
2026-05-20,000909,*ST数源,5.25
2026-05-20,000910,大亚圣象,7.13
2026-05-20,000912,泸天化,4.09
2026-05-20,000913,钱江摩托,12.28
2026-05-20,000915,华特达因,27.98
2026-05-20,000916,华北高速,NaN
2026-05-20,000918,*ST嘉凯,NaN
2026-05-20,000920,沃顿科技,11.02
2026-05-20,000921,海信家电,24.55
2026-05-20,000923,河钢资源,15.89
2026-05-20,000926,福星股份,2.28
2026-05-20,000928,中钢国际,6.56
2026-05-20,000933,神火股份,30.10
2026-05-20,000935,四川双马,32.65
2026-05-20,000937,冀中能源,5.43
2026-05-20,000938,紫光股份,32.21
2026-05-20,000939,凯迪退,NaN
2026-05-20,000949,新乡化纤,7.59
2026-05-20,000950,重药控股,6.54
2026-05-20,000956,中原油气,NaN
2026-05-20,000957,中通客车,11.33
2026-05-20,000958,电投产融,6.24
2026-05-20,000960,锡业股份,36.46
2026-05-20,000961,ST中南,NaN
2026-05-20,000962,东方钽业,55.04
2026-05-20,000968,蓝焰控股,8.33
2026-05-20,000969,安泰科技,21.29
2026-05-20,000970,中科三环,11.90
2026-05-20,000971,*ST高升,NaN
2026-05-20,000972,*ST中基,3.79
2026-05-20,000973,佛塑科技,17.14
2026-05-20,000976,*ST华铁,NaN
2026-05-20,000978,桂林旅游,6.47
2026-05-20,000979,中弘退,NaN
2026-05-20,000982,中银绒业,NaN
2026-05-20,000988,华工科技,163.42
2026-05-20,000990,诚志股份,10.72
2026-05-20,000995,皇台酒业,14.32
2026-05-20,000996,中期退,NaN
2026-05-20,000999,华润三九,24.69
2026-05-20,001203,大中矿业,41.96
2026-05-20,001205,盛航股份,15.10
2026-05-20,001207,联科科技,20.93
2026-05-20,001209,洪兴股份,21.54
2026-05-20,001210,金房能源,31.05
2026-05-20,001212,中旗新材,58.62
2026-05-20,001213,中铁特货,3.91
2026-05-20,001215,千味央厨,45.60
2026-05-20,001216,华瓷股份,17.01
2026-05-20,001218,丽臣实业,26.68
2026-05-20,001219,青岛食品,14.11
2026-05-20,001221,悍高集团,56.84
2026-05-20,001223,欧克科技,65.79
2026-05-20,001227,兰州银行,2.14
2026-05-20,001230,劲旅环境,25.76
2026-05-20,001231,农心科技,24.46
2026-05-20,001233,海安集团,57.67
2026-05-20,001237,惠康科技,NaN
2026-05-20,001238,浙江正特,44.58
2026-05-20,001259,利仁科技,80.53
2026-05-20,001260,坤泰股份,21.80
2026-05-20,001266,宏英智能,51.41
2026-05-20,001268,联合精密,42.18
2026-05-20,001269,欧晶科技,24.49
2026-05-20,001280,中国铀业,76.17
2026-05-20,001283,豪鹏科技,77.29
2026-05-20,001287,中电港,28.87
2026-05-20,001288,运机集团,27.88
2026-05-20,001296,长江材料,21.88
2026-05-20,001298,好上好,23.58
2026-05-20,001299,美能能源,12.20
2026-05-20,001301,尚太科技,87.38
2026-05-20,001308,康冠科技,21.08
2026-05-20,001309,德明利,695.96
2026-05-20,001311,多利科技,29.08
2026-05-20,001313,粤海饲料,9.79
2026-05-20,001316,润贝航科,43.02
2026-05-20,001317,三羊马,57.68
2026-05-20,001318,阳光乳业,12.57
2026-05-20,001324,长青科技,20.69
2026-05-20,001326,联域股份,65.81
2026-05-20,001328,登康口腔,30.28
2026-05-20,001330,博纳影业,9.71
2026-05-20,001332,锡装股份,66.08
2026-05-20,001333,光华股份,26.66
2026-05-20,001335,信凯科技,50.72
2026-05-20,001336,楚环科技,30.40
2026-05-20,001337,四川黄金,57.36
2026-05-20,001338,永顺泰,11.96
2026-05-20,001339,智微智能,115.53
2026-05-20,001359,平安电工,100.54
2026-05-20,001360,南矿集团,21.03
2026-05-20,001365,C天海,68.55
2026-05-20,001366,播恩集团,15.41
2026-05-20,001367,海森药业,23.23
2026-05-20,001369,双欣材料,15.09
2026-05-20,001376,百通能源,13.93
2026-05-20,001378,德冠新材,28.35
2026-05-20,001380,华纬科技,19.84
2026-05-20,001389,广合科技,179.33
2026-05-20,001390,古麒绒材,19.40
2026-05-20,001393,C维通利,108.02
2026-05-20,001395,亚联机械,37.86
2026-05-20,001400,江顺科技,172.50
2026-05-20,001872,招商港口,22.51
2026-05-20,001914,招商积余,9.99
2026-05-20,001979,招商蛇口,8.94
2026-05-20,002002,ST鸿达,NaN
2026-05-20,002003,伟星股份,9.54
2026-05-20,002005,ST德豪,2.86
2026-05-20,002008,大族激光,144.54
2026-05-20,002010,传化智联,5.37
2026-05-20,002011,盾安环境,12.78
2026-05-20,002012,凯恩股份,7.36
2026-05-20,002013,中航机电,NaN
2026-05-20,002018,华信退,NaN
2026-05-20,002019,亿帆医药,10.51
2026-05-20,002020,京新药业,14.27
2026-05-20,002022,科华生物,5.89
2026-05-20,002023,海特高新,13.23
2026-05-20,002025,航天电器,73.61
2026-05-20,002026,山东威达,12.80
2026-05-20,002028,思源电气,205.30
2026-05-20,002029,七 匹 狼,10.22
2026-05-20,002030,达安基因,6.88
2026-05-20,002032,苏 泊 尔,49.57
2026-05-20,002034,旺能环境,22.61
2026-05-20,002035,华帝股份,5.55
2026-05-20,002038,双鹭药业,6.23
2026-05-20,002042,华孚时尚,5.13
2026-05-20,002043,兔 宝 宝,13.67
2026-05-20,002046,国机精工,51.07
2026-05-20,002047,*ST宝鹰,NaN
2026-05-20,002049,紫光国微,81.30
2026-05-20,002051,中工国际,11.31
2026-05-20,002052,同洲电子,11.30
2026-05-20,002055,ST得润,6.73
2026-05-20,002056,横店东磁,20.02
2026-05-20,002057,中钢天源,9.28
2026-05-20,002058,*ST威尔,25.95
2026-05-20,002062,宏润建设,9.74
2026-05-20,002064,华峰化学,10.68
2026-05-20,002066,瑞泰科技,27.44
2026-05-20,002068,黑猫股份,10.45
2026-05-20,002070,众和退,NaN
2026-05-20,002071,长城退,NaN
2026-05-20,002072,凯瑞德,7.76
2026-05-20,002074,国轩高科,36.12
2026-05-20,002076,*ST星光,2.58
2026-05-20,002077,大港股份,18.34
2026-05-20,002078,太阳纸业,13.34
2026-05-20,002079,苏州固锝,12.92
2026-05-20,002080,中材科技,65.21
2026-05-20,002083,孚日股份,10.54
2026-05-20,002087,新纺退,NaN
2026-05-20,002089,新海退,NaN
2026-05-20,002096,易普力,10.87
2026-05-20,002104,恒宝股份,13.79
2026-05-20,002105,信隆健康,6.54
2026-05-20,002107,沃华医药,6.93
2026-05-20,002108,沧州明珠,5.44
2026-05-20,002113,*ST天润,NaN
2026-05-20,002118,*ST紫鑫,NaN
2026-05-20,002120,韵达股份,7.40
2026-05-20,002125,湘潭电化,14.23
2026-05-20,002126,银轮股份,58.15
2026-05-20,002127,南极电商,3.34
2026-05-20,002128,电投能源,29.65
2026-05-20,002131,利欧股份,6.93
2026-05-20,002132,恒星科技,5.40
2026-05-20,002134,天津普林,30.36
2026-05-20,002135,东南网架,9.01
2026-05-20,002136,安 纳 达,14.61
2026-05-20,002137,实益达,8.77
2026-05-20,002138,顺络电子,39.83
2026-05-20,002141,贤丰控股,3.69
2026-05-20,002142,宁波银行,31.31
2026-05-20,002143,印纪退,NaN
2026-05-20,002144,宏达高科,13.46
2026-05-20,002147,新光退,NaN
2026-05-20,002149,西部材料,69.09
2026-05-20,002150,正泰电源,34.37
2026-05-20,002155,湖南黄金,25.51
2026-05-20,002156,通富微电,62.28
2026-05-20,002157,正邦科技,3.37
2026-05-20,002158,汉钟精机,35.04
2026-05-20,002159,三特索道,16.27
2026-05-20,002160,常铝股份,4.77
2026-05-20,002166,莱茵生物,8.92
2026-05-20,002167,东方锆业,12.07
2026-05-20,002168,ST惠程,3.94
2026-05-20,002169,智光电气,17.89
2026-05-20,002170,芭田股份,12.27
2026-05-20,002174,游族网络,11.71
2026-05-20,002176,江特电机,13.08
2026-05-20,002177,御银股份,8.17
2026-05-20,002179,中航光电,41.45
2026-05-20,002182,宝武镁业,15.54
2026-05-20,002185,华天科技,15.88
2026-05-20,002188,中天服务,6.87
2026-05-20,002189,中光学,22.66
2026-05-20,002191,劲嘉股份,3.88
2026-05-20,002192,融捷股份,90.42
2026-05-20,002198,ST嘉应,4.11
2026-05-20,002199,*ST东晶,13.39
2026-05-20,002200,*ST交投,7.66
2026-05-20,002202,金风科技,25.30
2026-05-20,002203,海亮股份,20.69
2026-05-20,002205,国统股份,14.11
2026-05-20,002206,海 利 得,5.80
2026-05-20,002208,合肥城建,25.88
2026-05-20,002209,达 意 隆,13.58
2026-05-20,002213,大为股份,41.93
2026-05-20,002214,*ST大立,18.68
2026-05-20,002216,三全食品,13.69
2026-05-20,002220,天宝退,NaN
2026-05-20,002221,东华能源,7.82
2026-05-20,002222,福晶科技,108.10
2026-05-20,002226,江南化工,6.46
2026-05-20,002231,*ST奥维,NaN
2026-05-20,002232,启明信息,18.12
2026-05-20,002233,塔牌集团,8.40
2026-05-20,002235,安妮股份,11.46
2026-05-20,002236,大华股份,18.02
2026-05-20,002240,盛新锂能,51.56
2026-05-20,002244,滨江集团,10.60
2026-05-20,002246,北化股份,24.95
2026-05-20,002253,*ST智胜,11.69
2026-05-20,002254,泰和新材,15.11
2026-05-20,002259,升达林业,5.35
2026-05-20,002260,德奥退,NaN
2026-05-20,002263,大东南,3.87
2026-05-20,002266,浙富控股,5.56
2026-05-20,002271,东方雨虹,14.56
2026-05-20,002272,川润股份,24.94
2026-05-20,002273,水晶光电,39.70
2026-05-20,002274,华昌化工,6.35
2026-05-20,002275,桂林三金,13.76
2026-05-20,002277,友阿股份,6.52
2026-05-20,002280,ST联络,NaN
2026-05-20,002281,光迅科技,236.40
2026-05-20,002282,博深股份,6.57
2026-05-20,002283,天润工业,12.22
2026-05-20,002284,亚太股份,12.39
2026-05-20,002287,奇正藏药,22.20
2026-05-20,002288,*ST超华,NaN
2026-05-20,002289,*ST宇顺,40.33
2026-05-20,002290,禾盛新材,94.50
2026-05-20,002293,罗莱生活,10.94
2026-05-20,002294,信立泰,35.96
2026-05-20,002299,圣农发展,17.56
2026-05-20,002301,齐心集团,8.53
2026-05-20,002302,西部建设,5.63
2026-05-20,002304,洋河股份,44.85
2026-05-20,002305,*ST南置,2.39
2026-05-20,002307,北新路桥,4.30
2026-05-20,002308,*ST威创,NaN
2026-05-20,002317,众生药业,24.52
2026-05-20,002318,久立特材,27.16
2026-05-20,002319,乐通股份,12.03
2026-05-20,002320,海峡股份,8.11
2026-05-20,002325,*ST洪涛,NaN
2026-05-20,002326,永太科技,23.09
2026-05-20,002328,新朋股份,10.44
2026-05-20,002331,皖通科技,9.80
2026-05-20,002336,人乐退,NaN
2026-05-20,002338,奥普光电,67.12
2026-05-20,002340,格林美,8.39
2026-05-20,002341,ST新纶,NaN
2026-05-20,002345,潮宏基,9.81
2026-05-20,002346,柘中股份,21.68
2026-05-20,002349,精华制药,7.20
2026-05-20,002352,顺丰控股,35.72
2026-05-20,002357,富临运业,11.18
2026-05-20,002359,北讯退,NaN
2026-05-20,002360,ST同德,6.27
2026-05-20,002367,康力电梯,6.13
2026-05-20,002371,北方华创,656.00
2026-05-20,002374,中锐股份,3.78
2026-05-20,002378,章源钨业,28.26
2026-05-20,002379,宏桥控股,20.77
2026-05-20,002380,科远智慧,45.73
2026-05-20,002382,蓝帆医疗,6.63
2026-05-20,002384,东山精密,223.00
2026-05-20,002387,维信诺,8.71
2026-05-20,002388,新亚制程,5.36
2026-05-20,002391,长青股份,6.13
2026-05-20,002396,星网锐捷,33.22
2026-05-20,002397,梦洁股份,5.46
2026-05-20,002407,多氟多,40.69
2026-05-20,002408,齐翔腾达,5.67
2026-05-20,002409,雅克科技,120.56
2026-05-20,002411,必康退,NaN
2026-05-20,002415,海康威视,32.55
2026-05-20,002417,深南退,NaN
2026-05-20,002418,康盛股份,5.99
2026-05-20,002419,天虹股份,5.05
2026-05-20,002421,达实智能,4.27
2026-05-20,002428,云南锗业,91.00
2026-05-20,002429,兆驰股份,13.36
2026-05-20,002430,杭氧股份,28.98
2026-05-20,002433,太安退,NaN
2026-05-20,002435,ST长康,NaN
2026-05-20,002436,兴森科技,33.54
2026-05-20,002438,江苏神通,16.88
2026-05-20,002440,闰土股份,9.71
2026-05-20,002442,龙星科技,6.70
2026-05-20,002447,晨鑫退,NaN
2026-05-20,002449,国星光电,8.31
2026-05-20,002450,康得退,NaN
2026-05-20,002453,华软科技,6.04
2026-05-20,002454,松芝股份,9.87
2026-05-20,002455,百川股份,9.66
2026-05-20,002457,青龙管业,12.81
2026-05-20,002458,益生股份,8.43
2026-05-20,002460,赣锋锂业,77.17
2026-05-20,002461,珠江啤酒,9.77
2026-05-20,002462,嘉事堂,13.64
2026-05-20,002463,沪电股份,103.58
2026-05-20,002464,众应退,NaN
2026-05-20,002465,海格通信,15.77
2026-05-20,002466,天齐锂业,68.16
2026-05-20,002468,申通快递,15.86
2026-05-20,002469,三维化学,6.97
2026-05-20,002473,圣莱退,NaN
2026-05-20,002476,宝莫股份,5.89
2026-05-20,002477,雏鹰退,NaN
2026-05-20,002484,江海股份,58.60
2026-05-20,002487,大金重工,77.03
2026-05-20,002490,山东墨龙,8.92
2026-05-20,002491,通鼎互联,24.15
2026-05-20,002493,荣盛石化,12.13
2026-05-20,002494,华斯股份,6.08
2026-05-20,002496,*ST辉丰,2.49
2026-05-20,002497,雅化集团,24.76
2026-05-20,002499,科林退,NaN
2026-05-20,002502,ST鼎龙,NaN
2026-05-20,002503,*ST搜特,NaN
2026-05-20,002504,*ST弘高,NaN
2026-05-20,002505,鹏都农牧,NaN
2026-05-20,002508,老板电器,17.64
2026-05-20,002509,天茂退,NaN
2026-05-20,002511,中顺洁柔,7.61
2026-05-20,002514,*ST宝馨,4.33
2026-05-20,002516,旷达科技,6.19
2026-05-20,002518,科士达,64.39
2026-05-20,002521,齐峰新材,8.01
2026-05-20,002522,浙江众成,6.75
2026-05-20,002529,*ST海源,8.45
2026-05-20,002532,天山铝业,15.55
2026-05-20,002534,西子洁能,18.72
2026-05-20,002536,飞龙股份,49.03
2026-05-20,002538,ST司特,6.50
2026-05-20,002540,亚太科技,5.72
2026-05-20,002547,*ST春兴,3.32
2026-05-20,002549,凯美特气,19.09
2026-05-20,002554,惠博普,3.40
2026-05-20,002557,洽洽食品,21.90
2026-05-20,002558,巨人网络,27.97
2026-05-20,002563,森马服饰,5.75
2026-05-20,002564,天沃科技,6.00
2026-05-20,002565,顺灏股份,17.07
2026-05-20,002568,百润股份,18.52
2026-05-20,002571,德力股份,11.95
2026-05-20,002576,通达动力,19.20
2026-05-20,002577,雷柏科技,19.22
2026-05-20,002578,闽发铝业,4.05
2026-05-20,002584,西陇科学,8.46
2026-05-20,002591,恒大高新,9.01
2026-05-20,002595,豪迈科技,56.86
2026-05-20,002596,海南瑞泽,3.91
2026-05-20,002601,龙佰集团,16.65
2026-05-20,002602,世纪华通,14.73
2026-05-20,002603,以岭药业,16.23
2026-05-20,002604,龙力退,NaN
2026-05-20,002606,大连电瓷,15.61
2026-05-20,002609,捷顺科技,8.58
2026-05-20,002610,ST爱康,NaN
2026-05-20,002611,东方精工,18.87
2026-05-20,002612,朗姿股份,16.56
2026-05-20,002613,北玻股份,4.13
2026-05-20,002617,露笑科技,9.51
2026-05-20,002618,丹邦退,NaN
2026-05-20,002619,*ST艾格,NaN
2026-05-20,002621,*ST美吉,NaN
2026-05-20,002626,金达威,16.17
2026-05-20,002628,成都路桥,5.64
2026-05-20,002629,仁智股份,NaN
2026-05-20,002631,德尔未来,7.96
2026-05-20,002635,安洁科技,17.87
2026-05-20,002636,金安国纪,44.75
2026-05-20,002638,勤上股份,4.46
2026-05-20,002643,万润股份,18.23
2026-05-20,002645,华宏科技,30.11
2026-05-20,002646,天佑德酒,7.85
2026-05-20,002647,仁东控股,12.23
2026-05-20,002650,ST加加,7.77
2026-05-20,002652,扬子新材,6.34
2026-05-20,002653,海思科,52.20
2026-05-20,002654,万润科技,19.28
2026-05-20,002655,共达电声,33.02
2026-05-20,002656,*ST摩登,3.48
2026-05-20,002658,雪迪龙,9.78
2026-05-20,002665,ST航高,NaN
2026-05-20,002669,康达新材,13.88
2026-05-20,002670,国盛证券,12.18
2026-05-20,002674,兴业科技,14.51
2026-05-20,002675,东诚药业,12.88
2026-05-20,002677,浙江美大,7.83
2026-05-20,002678,珠江钢琴,6.27
2026-05-20,002679,福建金森,10.52
2026-05-20,002680,长生退,NaN
2026-05-20,002683,广东宏大,37.47
2026-05-20,002684,猛狮退,NaN
2026-05-20,002685,华东重机,9.08
2026-05-20,002691,*ST冀凯,5.90
2026-05-20,002693,*ST双成,10.98
2026-05-20,002699,*ST美盛,NaN
2026-05-20,002700,万憬能源,7.08
2026-05-20,002701,奥瑞金,5.16
2026-05-20,002705,新宝股份,13.39
2026-05-20,002706,良信股份,13.36
2026-05-20,002709,天赐材料,58.00
2026-05-20,002711,欧浦退,NaN
2026-05-20,002713,*ST东易,14.26
2026-05-20,002715,登云股份,17.24
2026-05-20,002717,*ST岭南,1.17
2026-05-20,002718,友邦吊顶,82.61
2026-05-20,002722,物产金轮,15.38
2026-05-20,002723,小崧股份,9.29
2026-05-20,002726,ST龙大,1.86
2026-05-20,002729,好利科技,21.41
2026-05-20,002730,电光科技,32.65
2026-05-20,002731,ST萃华,NaN
2026-05-20,002732,燕塘乳业,15.66
2026-05-20,002733,雄韬股份,25.71
2026-05-20,002734,利民股份,16.98
2026-05-20,002736,国信证券,10.22
2026-05-20,002737,葵花药业,13.07
2026-05-20,002740,*ST爱迪,NaN
2026-05-20,002741,光华科技,23.57
2026-05-20,002742,三圣股份,4.60
2026-05-20,002745,木林森,10.11
2026-05-20,002748,世龙实业,12.13
2026-05-20,002749,国光股份,11.88
2026-05-20,002750,龙津退,NaN
2026-05-20,002751,易尚退,NaN
2026-05-20,002753,永东股份,6.86
2026-05-20,002755,奥赛康,17.10
2026-05-20,002756,永兴材料,71.45
2026-05-20,002757,南兴股份,29.10
2026-05-20,002759,天际股份,36.52
2026-05-20,002762,*ST金比,8.77
2026-05-20,002768,国恩股份,65.25
2026-05-20,002769,普路通,8.88
2026-05-20,002770,科迪退,NaN
2026-05-20,002773,康弘药业,21.66
2026-05-20,002774,快意电梯,12.74
2026-05-20,002775,文科股份,4.15
2026-05-20,002776,*ST柏龙,NaN
2026-05-20,002778,中晟高科,19.60
2026-05-20,002779,中坚科技,74.66
2026-05-20,002781,奇信退,NaN
2026-05-20,002782,可立克,30.35
2026-05-20,002785,万里石,51.23
2026-05-20,002786,银宝山新,8.82
2026-05-20,002787,华源控股,28.18
2026-05-20,002792,通宇通讯,49.36
2026-05-20,002793,罗欣药业,4.80
2026-05-20,002795,永和智控,10.20
2026-05-20,002796,世嘉科技,53.25
2026-05-20,002797,第一创业,7.44
2026-05-20,002798,帝欧水华,8.32
2026-05-20,002800,天顺股份,18.53
2026-05-20,002802,洪汇新材,14.19
2026-05-20,002805,丰元股份,23.58
2026-05-20,002807,江阴银行,4.45
2026-05-20,002808,*ST恒久,NaN
2026-05-20,002810,山东赫达,26.28
2026-05-20,002812,恩捷股份,80.58
2026-05-20,002816,*ST和科,26.03
2026-05-20,002817,黄山胶囊,7.84
2026-05-20,002821,凯莱英,118.86
2026-05-20,002822,ST中装,3.10
2026-05-20,002824,和胜股份,26.78
2026-05-20,002828,贝肯能源,11.16
2026-05-20,002829,星网宇达,26.46
2026-05-20,002830,名雕股份,23.78
2026-05-20,002831,裕同科技,44.51
2026-05-20,002836,新宏泽,12.66
2026-05-20,002837,英维克,108.41
2026-05-20,002838,道恩股份,37.22
2026-05-20,002839,张家港行,4.39
2026-05-20,002840,华统股份,10.60
2026-05-20,002841,视源股份,39.06
2026-05-20,002845,同兴达,16.06
2026-05-20,002846,英联股份,13.87
2026-05-20,002847,盐津铺子,57.73
2026-05-20,002848,*ST高斯,16.98
2026-05-20,002849,威星智能,18.58
2026-05-20,002850,科达利,207.84
2026-05-20,002853,皮阿诺,29.12
2026-05-20,002856,*ST美芝,20.12
2026-05-20,002857,三晖电气,22.35
2026-05-20,002859,洁美科技,56.25
2026-05-20,002861,瀛通通讯,19.05
2026-05-20,002864,盘龙药业,30.19
2026-05-20,002865,钧达股份,98.86
2026-05-20,002866,传艺科技,22.42
2026-05-20,002867,周大生,12.87
2026-05-20,002868,绿康生化,37.18
2026-05-20,002870,香山股份,40.35
2026-05-20,002871,伟隆股份,21.77
2026-05-20,002876,三利谱,29.45
2026-05-20,002877,智能自控,9.24
2026-05-20,002882,金龙羽,25.02
2026-05-20,002883,*ST中设,10.23
2026-05-20,002885,京泉华,48.00
2026-05-20,002887,绿茵生态,15.56
2026-05-20,002889,东方嘉盛,13.70
2026-05-20,002890,弘宇股份,16.93
2026-05-20,002891,中宠股份,30.25
2026-05-20,002895,川恒股份,34.28
2026-05-20,002898,*ST赛隆,NaN
2026-05-20,002899,英派斯,31.22
2026-05-20,002900,哈三联,11.20
2026-05-20,002901,大博医疗,40.68
2026-05-20,002902,铭普光磁,38.31
2026-05-20,002906,华阳集团,30.43
2026-05-20,002907,华森制药,12.81
2026-05-20,002909,集泰股份,6.86
2026-05-20,002911,佛燃能源,12.23
2026-05-20,002912,中新赛克,24.32
2026-05-20,002913,奥士康,53.86
2026-05-20,002915,中欣氟材,24.18
2026-05-20,002916,深南电路,333.88
2026-05-20,002917,金奥博,13.82
2026-05-20,002919,名臣健康,26.00
2026-05-20,002921,联诚精密,29.53
2026-05-20,002922,伊戈尔,44.91
2026-05-20,002925,盈趣科技,20.75
2026-05-20,002926,华西证券,8.30
2026-05-20,002930,宏川智慧,15.09
2026-05-20,002932,*ST明德,16.56
2026-05-20,002933,新兴装备,30.37
2026-05-20,002935,天奥电子,21.37
2026-05-20,002939,长城证券,9.13
2026-05-20,002941,新疆交建,13.84
2026-05-20,002942,新农股份,18.83
2026-05-20,002943,宇晶股份,87.93
2026-05-20,002945,华林证券,14.90
2026-05-20,002946,新乳业,17.50
2026-05-20,002947,恒铭达,94.27
2026-05-20,002948,青岛银行,5.64
2026-05-20,002949,华阳国际,13.99
2026-05-20,002955,鸿合科技,25.18
2026-05-20,002956,西麦食品,21.32
2026-05-20,002958,青农商行,2.90
2026-05-20,002959,小熊电器,39.28
2026-05-20,002961,瑞达期货,24.09
2026-05-20,002966,苏州银行,8.44
2026-05-20,002969,嘉美包装,19.27
2026-05-20,002970,锐明技术,73.10
2026-05-20,002972,科安达,13.10
2026-05-20,002975,博杰股份,119.08
2026-05-20,002976,瑞玛精密,35.54
2026-05-20,002978,安宁股份,28.64
2026-05-20,002980,华盛昌,111.02
2026-05-20,002981,朝阳科技,24.85
2026-05-20,002983,芯瑞达,26.31
2026-05-20,002985,北摩高科,32.90
2026-05-20,002987,京北方,12.63
2026-05-20,002989,中天精装,33.80
2026-05-20,002990,盛视科技,62.22
2026-05-20,002991,甘源食品,48.43
2026-05-20,002992,宝明科技,49.15
2026-05-20,002993,奥海科技,61.68
2026-05-20,002996,顺博合金,7.23
2026-05-20,002998,优彩资源,9.34
2026-05-20,002999,天禾股份,6.95
2026-05-20,003000,劲仔食品,11.04
2026-05-20,003001,中岩大地,23.12
2026-05-20,003003,天元股份,13.48
2026-05-20,003004,声迅股份,45.13
2026-05-20,003006,百亚股份,15.89
2026-05-20,003008,开普检测,22.51
2026-05-20,003010,若羽臣,28.31
2026-05-20,003011,海象新材,25.32
2026-05-20,003012,东鹏控股,5.48
2026-05-20,003013,地铁设计,14.80
2026-05-20,003015,日久光电,14.38
2026-05-20,003017,大洋生物,31.23
2026-05-20,003018,金富科技,69.84
2026-05-20,003019,宸展光电,36.97
2026-05-20,003022,联泓新科,25.23
2026-05-20,003023,彩虹集团,30.26
2026-05-20,003025,思进智能,15.83
2026-05-20,003026,中晶科技,50.64
2026-05-20,003028,振邦智能,28.69
2026-05-20,003030,祖名股份,26.20
2026-05-20,003032,*ST传智,7.19
2026-05-20,003033,征和工业,58.01
2026-05-20,003036,泰坦股份,45.98
2026-05-20,003037,三和管桩,6.90
2026-05-20,003041,真爱美家,60.06
2026-05-20,003043,华亚智能,65.80
2026-05-20,300001,特锐德,40.01
2026-05-20,300005,探路者,16.81
2026-05-20,300006,莱美药业,6.18
2026-05-20,300012,华测检测,15.32
2026-05-20,300014,亿纬锂能,66.56
2026-05-20,300019,硅宝科技,17.55
2026-05-20,300023,宝德退,NaN
2026-05-20,300028,金亚退,NaN
2026-05-20,300029,*ST天龙,NaN
2026-05-20,300031,宝通科技,26.80
2026-05-20,300033,同花顺,226.90
2026-05-20,300034,钢研高纳,19.60
2026-05-20,300035,中科电气,19.87
2026-05-20,300037,新宙邦,67.93
2026-05-20,300038,数知退,NaN
2026-05-20,300039,上海凯宝,5.71
2026-05-20,300041,回天新材,12.67
2026-05-20,300042,朗科科技,73.81
2026-05-20,300046,台基股份,35.25
2026-05-20,300049,福瑞医科,58.05
2026-05-20,300054,鼎龙股份,76.84
2026-05-20,300055,万邦达,9.95
2026-05-20,300057,万顺新材,9.00
2026-05-20,300062,中能电气,8.52
2026-05-20,300064,金刚退,NaN
2026-05-20,300065,海兰信,24.80
2026-05-20,300067,安诺其,7.04
2026-05-20,300069,金利华电,36.72
2026-05-20,300073,当升科技,60.14
2026-05-20,300076,*ST宁视,5.18
2026-05-20,300081,ST恒信,4.41
2026-05-20,300082,奥克股份,10.67
2026-05-20,300084,海默科技,12.98
2026-05-20,300085,银之杰,41.62
2026-05-20,300089,文化退,NaN
2026-05-20,300090,盛运退,NaN
2026-05-20,300093,*ST金刚,21.18
2026-05-20,300094,国联水产,3.06
2026-05-20,300097,智云股份,10.71
2026-05-20,300101,振芯科技,20.32
2026-05-20,300104,乐视退,NaN
2026-05-20,300106,西部牧业,14.17
2026-05-20,300108,*ST吉药,NaN
2026-05-20,300116,*ST保力,NaN
2026-05-20,300117,*ST嘉寓,NaN
2026-05-20,300119,瑞普生物,16.99
2026-05-20,300125,*ST聆达,10.60
2026-05-20,300127,银河磁体,31.43
2026-05-20,300128,锦富技术,8.06
2026-05-20,300130,新国都,23.50
2026-05-20,300131,英唐智控,22.79
2026-05-20,300132,青松股份,8.16
2026-05-20,300136,信维通信,112.40
2026-05-20,300137,先河环保,20.63
2026-05-20,300141,和顺电气,13.05
2026-05-20,300145,南方泵业,5.32
2026-05-20,300146,汤臣倍健,10.04
2026-05-20,300147,*ST香雪,10.20
2026-05-20,300151,昌红科技,21.33
2026-05-20,300152,*ST动力,1.93
2026-05-20,300153,科泰电源,31.30
2026-05-20,300156,神雾退,NaN
2026-05-20,300157,新锦动力,5.37
2026-05-20,300159,*ST新研,4.17
2026-05-20,300163,先锋新材,5.56
2026-05-20,300164,通源石油,13.00
2026-05-20,300165,天瑞仪器,6.90
2026-05-20,300169,天晟新材,6.27
2026-05-20,300174,元力股份,20.32
2026-05-20,300175,ST朗源,6.78
2026-05-20,300178,腾邦退,NaN
2026-05-20,300179,四方达,30.62
2026-05-20,300183,东软载波,13.35
2026-05-20,300184,力源信息,15.35
2026-05-20,300186,大华农,NaN
2026-05-20,300190,维尔利,4.67
2026-05-20,300191,潜能恒信,39.46
2026-05-20,300196,长海股份,19.33
2026-05-20,300200,高盟新材,11.22
2026-05-20,300201,海伦哲,17.01
2026-05-20,300202,聚龙退,NaN
2026-05-20,300204,舒泰神,26.58
2026-05-20,300205,*ST天喻,6.03
2026-05-20,300207,欣旺达,25.16
2026-05-20,300208,中程退,NaN
2026-05-20,300209,行云科技,28.31
2026-05-20,300210,森远股份,12.46
2026-05-20,300212,*ST易录,8.32
2026-05-20,300216,千山退,NaN
2026-05-20,300218,安利股份,14.80
2026-05-20,300219,鸿利智汇,8.34
2026-05-20,300222,科大智能,15.06
2026-05-20,300223,北京君正,141.90
2026-05-20,300224,正海磁材,13.12
2026-05-20,300225,*ST金泰,8.00
2026-05-20,300227,光韵达,11.41
2026-05-20,300233,金城医药,14.92
2026-05-20,300234,开尔新材,7.56
2026-05-20,300235,方直科技,14.16
2026-05-20,300236,上海新阳,105.58
2026-05-20,300241,瑞丰光电,7.14
2026-05-20,300243,瑞丰高材,18.60
2026-05-20,300246,宝莱特,21.57
2026-05-20,300247,融捷健康,4.85
2026-05-20,300249,依米康,19.03
2026-05-20,300259,新天科技,6.99
2026-05-20,300260,新莱应材,68.68
2026-05-20,300262,*ST巴安,NaN
2026-05-20,300263,隆华科技,13.82
2026-05-20,300264,佳创视讯,9.91
2026-05-20,300265,通光线缆,23.10
2026-05-20,300267,尔康制药,4.48
2026-05-20,300268,佳沃食品,14.10
2026-05-20,300273,和佳退,NaN
2026-05-20,300274,阳光电源,167.20
2026-05-20,300280,紫天退,NaN
2026-05-20,300281,金明精机,8.19
2026-05-20,300282,三盛退,NaN
2026-05-20,300286,安科瑞,28.11
2026-05-20,300293,蓝英装备,21.22
2026-05-20,300297,蓝盾退,NaN
2026-05-20,300300,海峡创新,11.91
2026-05-20,300301,ST长方,3.41
2026-05-20,300303,聚飞光电,10.30
2026-05-20,300304,云意电气,12.98
2026-05-20,300305,裕兴股份,6.70
2026-05-20,300307,慈星股份,7.40
2026-05-20,300308,中际旭创,1037.00
2026-05-20,300309,吉艾退,NaN
2026-05-20,300311,ST任子行,5.67
2026-05-20,300312,邦讯退,NaN
2026-05-20,300313,*ST天山,9.36
2026-05-20,300316,晶盛机电,56.85
2026-05-20,300319,麦捷科技,13.97
2026-05-20,300321,同大股份,41.62
2026-05-20,300323,华灿光电,17.05
2026-05-20,300325,德威退,NaN
2026-05-20,300327,中颖电子,28.74
2026-05-20,300328,宜安科技,19.94
2026-05-20,300330,计通退,NaN
2026-05-20,300331,苏大维格,59.62
2026-05-20,300332,天壕能源,5.50
2026-05-20,300333,兆日科技,11.96
2026-05-20,300336,新文退,NaN
2026-05-20,300337,银邦股份,13.65
2026-05-20,300340,科恒股份,10.75
2026-05-20,300341,麦克奥迪,16.16
2026-05-20,300342,天银机电,57.46
2026-05-20,300344,立方退,NaN
2026-05-20,300346,南大光电,59.98
2026-05-20,300351,永贵电器,25.01
2026-05-20,300356,光一退,NaN
2026-05-20,300357,我武生物,23.81
2026-05-20,300360,炬华科技,14.65
2026-05-20,300362,天翔退,NaN
2026-05-20,300363,博腾股份,15.77
2026-05-20,300367,网力退,NaN
2026-05-20,300371,汇中股份,13.19
2026-05-20,300372,欣泰退,NaN
2026-05-20,300373,扬杰科技,83.71
2026-05-20,300379,东通退,NaN
2026-05-20,300381,溢多利,7.24
2026-05-20,300385,ST雪浪,14.89
2026-05-20,300388,节能国祯,8.33
2026-05-20,300390,天华新能,92.45
2026-05-20,300391,长药退,NaN
2026-05-20,300392,腾信退,NaN
2026-05-20,300394,天孚通信,358.99
2026-05-20,300395,菲利华,133.97
2026-05-20,300397,天和防务,14.43
2026-05-20,300398,飞凯材料,39.19
2026-05-20,300404,博济医药,10.68
2026-05-20,300405,科隆股份,7.19
2026-05-20,300406,九强生物,12.83
2026-05-20,300408,三环集团,95.96
2026-05-20,300409,道氏技术,25.37
2026-05-20,300411,金盾股份,10.17
2026-05-20,300416,苏试试验,17.46
2026-05-20,300417,南华仪器,14.96
2026-05-20,300420,五洋自控,4.65
2026-05-20,300424,航新科技,20.99
2026-05-20,300428,立中集团,22.28
2026-05-20,300429,强力新材,16.30
2026-05-20,300431,暴风退,NaN
2026-05-20,300432,富临精工,25.01
2026-05-20,300435,中泰股份,21.42
2026-05-20,300436,广生堂,127.69
2026-05-20,300438,鹏辉能源,92.14
2026-05-20,300440,运达科技,18.40
2026-05-20,300445,康斯特,25.00
2026-05-20,300450,先导智能,51.66
2026-05-20,300453,三鑫医疗,9.96
2026-05-20,300455,航天智装,25.60
2026-05-20,300456,赛微电子,51.48
2026-05-20,300457,赢合科技,28.99
2026-05-20,300458,全志科技,38.13
2026-05-20,300467,迅游科技,40.92
2026-05-20,300468,四方精创,27.24
2026-05-20,300470,中密控股,33.83
2026-05-20,300472,*ST新元,9.13
2026-05-20,300474,景嘉微,65.19
2026-05-20,300476,胜宏科技,334.20
2026-05-20,300480,光力科技,42.46
2026-05-20,300481,濮阳惠成,15.32
2026-05-20,300482,万孚生物,18.11
2026-05-20,300483,首华燃气,22.88
2026-05-20,300484,蓝海华腾,18.45
2026-05-20,300486,东杰智能,22.85
2026-05-20,300487,蓝晓科技,62.03
2026-05-20,300489,光智科技,134.00
2026-05-20,300495,*ST美尚,NaN
2026-05-20,300499,高澜股份,47.53
2026-05-20,300502,新易盛,587.97
2026-05-20,300506,ST名家汇,5.18
2026-05-20,300511,雪榕生物,6.96
2026-05-20,300515,三德科技,17.39
2026-05-20,300516,久之洋,38.63
2026-05-20,300517,海波重科,13.29
2026-05-20,300518,新迅达,33.28
2026-05-20,300522,世名科技,13.68
2026-05-20,300523,辰安科技,24.67
2026-05-20,300526,中潜退,NaN
2026-05-20,300527,ST应急,7.98
2026-05-20,300530,领湃科技,23.00
2026-05-20,300533,冰川网络,27.10
2026-05-20,300535,达威股份,18.31
2026-05-20,300538,同益股份,18.11
2026-05-20,300539,横河精密,31.70
2026-05-20,300540,蜀道装备,29.29
2026-05-20,300545,联得装备,37.10
2026-05-20,300547,川环科技,43.89
2026-05-20,300548,长芯博创,242.11
2026-05-20,300549,优德精密,18.14
2026-05-20,300552,万集科技,29.39
2026-05-20,300555,ST路通,14.21
2026-05-20,300557,理工光科,40.39
2026-05-20,300558,贝达药业,48.83
2026-05-20,300566,激智科技,21.72
2026-05-20,300567,精测电子,198.58
2026-05-20,300568,星源材质,18.26
2026-05-20,300570,太辰光,161.10
2026-05-20,300585,奥联电子,22.91
2026-05-20,300586,美联新材,12.06
2026-05-20,300587,天铁科技,5.84
2026-05-20,300588,熙菱信息,21.28
2026-05-20,300590,移为通信,15.18
2026-05-20,300592,华凯易佰,13.61
2026-05-20,300593,新雷能,32.77
2026-05-20,300595,欧普康视,12.91
2026-05-20,300599,雄塑科技,11.67
2026-05-20,300602,飞荣达,41.96
2026-05-20,300604,长川科技,241.56
2026-05-20,300606,金太阳,43.77
2026-05-20,300610,晨化股份,12.19
2026-05-20,300613,富瀚微,65.40
2026-05-20,300615,欣天科技,15.16
2026-05-20,300618,寒锐钴业,41.91
2026-05-20,300620,光库科技,269.50
2026-05-20,300623,捷捷微电,33.98
2026-05-20,300625,三雄极光,12.04
2026-05-20,300628,亿联网络,39.14
2026-05-20,300630,普利退,NaN
2026-05-20,300631,久吾高科,27.96
2026-05-20,300634,彩讯股份,29.15
2026-05-20,300635,中达安,14.97
2026-05-20,300639,凯普生物,6.51
2026-05-20,300641,正丹股份,15.78
2026-05-20,300647,超频三,7.01
2026-05-20,300648,星云股份,52.66
2026-05-20,300649,杭州园林,21.18
2026-05-20,300650,太龙股份,16.44
2026-05-20,300651,金陵体育,26.64
2026-05-20,300655,晶瑞电材,17.40
2026-05-20,300656,民德电子,33.00
2026-05-20,300657,弘信电子,51.60
2026-05-20,300661,圣邦股份,116.79
2026-05-20,300666,江丰电子,213.68
2026-05-20,300668,杰恩股份,63.11
2026-05-20,300669,沪宁股份,34.51
2026-05-20,300671,富满微,53.50
2026-05-20,300672,国科微,264.79
2026-05-20,300673,佩蒂股份,14.97
2026-05-20,300674,宇信科技,18.36
2026-05-20,300684,中石科技,63.70
2026-05-20,300686,智动力,18.82
2026-05-20,300687,赛意信息,34.82
2026-05-20,300689,澄天伟业,61.36
2026-05-20,300691,联合光电,18.37
2026-05-20,300692,中赋科技,9.03
2026-05-20,300693,盛弘股份,61.38
2026-05-20,300696,爱乐达,37.20
2026-05-20,300697,电工合金,17.02
2026-05-20,300702,天宇股份,19.50
2026-05-20,300706,阿石创,54.03
2026-05-20,300708,聚灿光电,9.54
2026-05-20,300709,精研科技,49.60
2026-05-20,300710,万隆光电,36.74
2026-05-20,300715,凯伦股份,19.39
2026-05-20,300716,*ST泉为,16.23
2026-05-20,300717,华信新材,21.65
2026-05-20,300720,海川智能,72.44
2026-05-20,300723,一品红,38.18
2026-05-20,300724,捷佳伟创,90.31
2026-05-20,300725,药石科技,37.48
2026-05-20,300727,润禾材料,36.17
2026-05-20,300730,科创信息,16.25
2026-05-20,300731,科创新源,94.60
2026-05-20,300733,西菱动力,20.37
2026-05-20,300737,科顺股份,8.03
2026-05-20,300739,明阳电路,30.13
2026-05-20,300740,水羊股份,26.73
2026-05-20,300741,华宝股份,15.36
2026-05-20,300742,越博退,NaN
2026-05-20,300745,欣锐科技,50.85
2026-05-20,300748,金力永磁,33.70
2026-05-20,300750,宁德时代,414.75
2026-05-20,300751,迈为股份,274.74
2026-05-20,300756,金马游乐,47.52
2026-05-20,300757,罗博特科,566.48
2026-05-20,300759,康龙化成,26.67
2026-05-20,300762,上海瀚讯,41.40
2026-05-20,300763,锦浪科技,112.53
2026-05-20,300767,震安科技,22.67
2026-05-20,300769,德方纳米,73.80
2026-05-20,300773,拉卡拉,25.99
2026-05-20,300775,三角防务,29.15
2026-05-20,300776,帝尔激光,143.75
2026-05-20,300780,德恩精工,33.77
2026-05-20,300782,卓胜微,130.00
2026-05-20,300786,国林科技,20.10
2026-05-20,300790,宇瞳光学,35.72
2026-05-20,300791,仙乐健康,18.45
2026-05-20,300793,佳禾智能,15.03
2026-05-20,300797,钢研纳克,15.44
2026-05-20,300799,左江退,NaN
2026-05-20,300801,泰和科技,30.10
2026-05-20,300802,矩子科技,23.31
2026-05-20,300803,指南针,100.11
2026-05-20,300804,广康生化,46.77
2026-05-20,300806,斯迪克,85.90
2026-05-20,300807,天迈科技,51.26
2026-05-20,300808,久量股份,27.21
2026-05-20,300810,中科海讯,32.24
2026-05-20,300811,铂科新材,103.15
2026-05-20,300813,泰林生物,24.34
2026-05-20,300814,中富电路,135.99
2026-05-20,300816,艾可蓝,93.70
2026-05-20,300817,双飞集团,20.60
2026-05-20,300820,英杰电气,72.36
2026-05-20,300821,东岳硅材,15.35
2026-05-20,300823,建科智能,19.30
2026-05-20,300825,阿尔特,13.22
2026-05-20,300827,上能电气,39.95
2026-05-20,300829,金丹科技,19.51
2026-05-20,300833,浩洋股份,38.30
2026-05-20,300835,龙磁科技,117.76
2026-05-20,300836,佰奥智能,79.55
2026-05-20,300837,浙矿股份,32.88
2026-05-20,300838,浙江力诺,21.63
2026-05-20,300841,康华生物,53.38
2026-05-20,300843,胜蓝股份,107.01
2026-05-20,300844,山水比德,32.65
2026-05-20,300845,捷安高科,15.17
2026-05-20,300848,美瑞新材,16.56
2026-05-20,300849,锦盛新材,25.87
2026-05-20,300851,交大思诺,NaN
2026-05-20,300853,申昊科技,35.65
2026-05-20,300854,中兰环保,39.50
2026-05-20,300855,图南股份,38.46
2026-05-20,300857,协创数据,272.84
2026-05-20,300858,科拓生物,17.56
2026-05-20,300861,美畅股份,20.82
2026-05-20,300863,卡倍亿,77.80
2026-05-20,300864,南大环境,24.14
2026-05-20,300865,大宏立,30.99
2026-05-20,300866,安克创新,134.43
2026-05-20,300867,圣元环保,23.86
2026-05-20,300868,杰美特,94.15
2026-05-20,300870,欧陆通,416.01
2026-05-20,300871,回盛生物,23.55
2026-05-20,300872,天阳科技,21.51
2026-05-20,300873,海晨股份,23.17
2026-05-20,300875,捷强装备,39.71
2026-05-20,300878,维康药业,34.60
2026-05-20,300881,盛德鑫泰,53.25
2026-05-20,300888,稳健医疗,30.04
2026-05-20,300890,翔丰华,38.02
2026-05-20,300897,山科智能,28.28
2026-05-20,300899,上海凯鑫,38.38
2026-05-20,300900,广联航空,40.90
2026-05-20,300903,科翔股份,75.06
2026-05-20,300905,宝丽迪,74.34
2026-05-20,300906,日月明,34.37
2026-05-20,300908,仲景食品,26.61
2026-05-20,300909,汇创达,48.02
2026-05-20,300913,兆龙互连,55.61
2026-05-20,300915,海融科技,25.03
2026-05-20,300916,朗特智能,39.46
2026-05-20,300919,中伟新材,56.87
2026-05-20,300922,天秦装备,19.57
2026-05-20,300923,研奥股份,27.48
2026-05-20,300927,江天化学,27.25
2026-05-20,300928,华安鑫创,34.62
2026-05-20,300935,盈建科,41.11
2026-05-20,300938,信测标准,58.69
2026-05-20,300939,秋田微,48.44
2026-05-20,300943,春晖智控,38.75
2026-05-20,300948,冠中生态,23.70
2026-05-20,300951,博硕科技,37.16
2026-05-20,300953,震裕科技,242.38
2026-05-20,300955,嘉亨家化,47.00
2026-05-20,300957,贝泰妮,39.00
2026-05-20,300959,线上线下,182.95
2026-05-20,300964,本川智能,86.97
2026-05-20,300965,恒宇信通,74.97
2026-05-20,300966,共同药业,26.66
2026-05-20,300967,晓鸣股份,16.86
2026-05-20,300969,恒帅股份,163.00
2026-05-20,300970,华绿生物,32.80
2026-05-20,300973,立高食品,28.01
2026-05-20,300975,商络电子,23.46
2026-05-20,300977,深圳瑞捷,22.93
2026-05-20,300984,金沃股份,73.00
2026-05-20,300990,同飞股份,104.00
2026-05-20,300991,创益通,46.66
2026-05-20,300995,奇德新材,38.92
2026-05-20,300998,宁波方正,28.37
2026-05-20,301002,崧盛股份,58.31
2026-05-20,301003,江苏博云,55.88
2026-05-20,301005,超捷股份,168.00
2026-05-20,301010,晶雪节能,23.79
2026-05-20,301012,扬电科技,41.46
2026-05-20,301013,利和兴,36.36
2026-05-20,301015,百洋医药,22.47
2026-05-20,301017,漱玉平民,13.86
2026-05-20,301018,申菱环境,163.22
2026-05-20,301019,宁波色母,23.25
2026-05-20,301020,密封科技,31.01
2026-05-20,301021,英诺激光,88.49
2026-05-20,301022,海泰科,33.21
2026-05-20,301024,霍普股份,50.06
2026-05-20,301026,浩通科技,33.83
2026-05-20,301027,华蓝集团,23.96
2026-05-20,301028,鼎熔岩,20.21
2026-05-20,301030,*ST仕净,11.66
2026-05-20,301031,中熔电气,171.48
2026-05-20,301032,新柴股份,13.38
2026-05-20,301033,迈普医学,55.79
2026-05-20,301035,润丰股份,72.60
2026-05-20,301036,双乐股份,28.11
2026-05-20,301037,保立佳,17.32
2026-05-20,301038,深水规院,21.67
2026-05-20,301041,金百泽,34.12
2026-05-20,301042,安联锐视,103.46
2026-05-20,301043,绿岛风,54.56
2026-05-20,301045,天禄科技,57.12
2026-05-20,301046,能辉科技,29.02
2026-05-20,301047,义翘神州,67.72
2026-05-20,301051,信濠光电,24.74
2026-05-20,301056,森赫股份,14.66
2026-05-20,301057,汇隆新材,31.52
2026-05-20,301062,上海艾录,7.99
2026-05-20,301065,本立科技,23.32
2026-05-20,301066,万事利,15.93
2026-05-20,301068,大地海洋,33.50
2026-05-20,301069,凯盛新材,23.71
2026-05-20,301070,开勒股份,97.40
2026-05-20,301071,力量钻石,61.38
2026-05-20,301072,中捷精工,25.24
2026-05-20,301073,君亭酒店,23.36
2026-05-20,301078,孩子王,9.34
2026-05-20,301080,百普赛斯,43.95
2026-05-20,301081,严牌股份,19.18
2026-05-20,301086,鸿富瀚,247.00
2026-05-20,301088,戎美股份,16.80
2026-05-20,301090,华润材料,8.09
2026-05-20,301092,争光股份,49.20
2026-05-20,301093,华兰股份,116.98
2026-05-20,301095,广立微,115.38
2026-05-20,301096,百诚医药,62.37
2026-05-20,301097,天益医疗,61.28
2026-05-20,301099,雅创电子,65.16
2026-05-20,301100,风光股份,18.36
2026-05-20,301106,骏成科技,34.92
2026-05-20,301107,瑜欣电子,28.38
2026-05-20,301108,洁雅股份,24.90
2026-05-20,301111,粤万年青,25.74
2026-05-20,301112,信邦智能,36.48
2026-05-20,301115,联检科技,26.22
2026-05-20,301118,恒光股份,33.80
2026-05-20,301119,正强股份,42.48
2026-05-20,301121,紫建电子,41.28
2026-05-20,301122,采纳股份,29.29
2026-05-20,301123,奕东电子,76.36
2026-05-20,301125,腾亚精工,25.15
2026-05-20,301127,武汉天源,13.27
2026-05-20,301128,强瑞技术,137.02
2026-05-20,301130,西点药业,32.25
2026-05-20,301133,金钟股份,47.35
2026-05-20,301139,*ST元道,5.81
2026-05-20,301141,中科磁业,54.47
2026-05-20,301148,嘉戎技术,73.68
2026-05-20,301149,隆华新材,13.62
2026-05-20,301150,中一科技,71.85
2026-05-20,301151,冠龙节能,17.33
2026-05-20,301152,天力锂能,31.54
2026-05-20,301156,美农生物,20.66
2026-05-20,301158,德石股份,26.61
2026-05-20,301160,翔楼新材,60.83
2026-05-20,301161,唯万密封,35.00
2026-05-20,301163,宏德股份,30.27
2026-05-20,301165,锐捷网络,98.58
2026-05-20,301168,通灵股份,47.99
2026-05-20,301169,零点有数,94.80
2026-05-20,301170,锡南科技,29.10
2026-05-20,301172,君逸数码,38.79
2026-05-20,301181,标榜股份,46.62
2026-05-20,301182,凯旺科技,86.25
2026-05-20,301183,东田微,250.50
2026-05-20,301188,力诺药包,40.33
2026-05-20,301190,善水科技,23.53
2026-05-20,301191,菲菱科思,167.92
2026-05-20,301192,泰祥股份,26.62
2026-05-20,301195,北路智控,31.82
2026-05-20,301196,唯科科技,154.08
2026-05-20,301197,工大科雅,35.46
2026-05-20,301198,喜悦智行,18.43
2026-05-20,301200,大族数控,224.00
2026-05-20,301201,诚达药业,38.74
2026-05-20,301202,朗威股份,44.19
2026-05-20,301206,三元生物,26.61
2026-05-20,301209,联合化学,90.48
2026-05-20,301210,金杨精密,43.28
2026-05-20,301215,中汽股份,6.12
2026-05-20,301217,铜冠铜箔,87.99
2026-05-20,301218,华是科技,35.83
2026-05-20,301219,腾远钴业,83.10
2026-05-20,301221,光庭信息,51.85
2026-05-20,301222,浙江恒威,44.58
2026-05-20,301223,中荣股份,18.31
2026-05-20,301225,恒勃股份,124.86
2026-05-20,301227,森鹰窗业,33.45
2026-05-20,301228,实朴检测,70.04
2026-05-20,301232,飞沃科技,149.95
2026-05-20,301233,盛帮股份,60.83
2026-05-20,301234,五洲医疗,39.84
2026-05-20,301235,华康洁净,75.64
2026-05-20,301238,瑞泰新材,21.89
2026-05-20,301246,宏源药业,34.40
2026-05-20,301251,威尔高,70.69
2026-05-20,301252,同星科技,42.85
2026-05-20,301255,通力科技,31.26
2026-05-20,301256,华融化学,14.30
2026-05-20,301257,普蕊斯,48.36
2026-05-20,301260,格力博,17.74
2026-05-20,301265,华新科技,26.49
2026-05-20,301266,宇邦新材,38.66
2026-05-20,301267,华厦眼科,16.44
2026-05-20,301269,华大九天,103.39
2026-05-20,301272,英华特,46.40
2026-05-20,301276,嘉曼服饰,25.88
2026-05-20,301277,新天地,10.82
2026-05-20,301278,快可电子,40.54
2026-05-20,301279,金道科技,28.04
2026-05-20,301280,珠城科技,50.09
2026-05-20,301281,科源制药,37.84
2026-05-20,301282,金禄电子,27.18
2026-05-20,301283,聚胶股份,48.75
2026-05-20,301285,鸿日达,117.98
2026-05-20,301286,侨源股份,63.20
2026-05-20,301288,清研环境,19.70
2026-05-20,301289,国缆检测,55.50
2026-05-20,301290,东星医疗,31.98
2026-05-20,301291,明阳电气,57.84
2026-05-20,301292,海科新源,76.89
2026-05-20,301295,美硕科技,52.86
2026-05-20,301297,富乐德,52.37
2026-05-20,301298,东利机械,16.14
2026-05-20,301299,卓创资讯,59.96
2026-05-20,301300,远翔新材,39.23
2026-05-20,301303,真兰仪表,14.43
2026-05-20,301306,西测测试,144.58
2026-05-20,301307,美利信,65.32
2026-05-20,301308,江波龙,571.50
2026-05-20,301309,万得凯,35.52
2026-05-20,301312,智立方,124.19
2026-05-20,301314,科瑞思,52.32
2026-05-20,301319,唯特偶,133.91
2026-05-20,301322,绿通科技,54.12
2026-05-20,301323,新莱福,83.87
2026-05-20,301325,曼恩斯特,44.35
2026-05-20,301326,捷邦科技,181.31
2026-05-20,301327,华宝新能,61.29
2026-05-20,301328,维峰电子,83.20
2026-05-20,301331,恩威医药,26.51
2026-05-20,301335,天元宠物,23.70
2026-05-20,301336,趣睡科技,56.82
2026-05-20,301337,亚华电子,28.19
2026-05-20,301338,凯格精机,198.30
2026-05-20,301339,通行宝,12.76
2026-05-20,301348,蓝箭电子,30.73
2026-05-20,301349,信德新材,49.83
2026-05-20,301353,普莱得,29.27
2026-05-20,301355,南王科技,12.45
2026-05-20,301356,天振股份,25.60
2026-05-20,301357,北方长龙,102.43
2026-05-20,301358,湖南裕能,94.79
2026-05-20,301359,东南电子,23.95
2026-05-20,301360,荣旗科技,92.92
2026-05-20,301362,民爆光电,206.32
2026-05-20,301366,一博科技,40.00
2026-05-20,301367,瑞迈特,66.29
2026-05-20,301369,联动科技,259.16
2026-05-20,301371,敷尔佳,32.47
2026-05-20,301372,科净源,40.36
2026-05-20,301373,凌玮科技,137.36
2026-05-20,301376,致欧科技,19.08
2026-05-20,301377,鼎泰高科,248.05
2026-05-20,301382,蜂助手,51.06
2026-05-20,301386,未来电器,25.88
2026-05-20,301387,光大同创,111.20
2026-05-20,301389,隆扬电子,73.45
2026-05-20,301390,经纬股份,37.61
2026-05-20,301392,汇成真空,205.00
2026-05-20,301393,昊帆生物,64.62
2026-05-20,301396,宏景科技,321.99
2026-05-20,301398,星源卓镁,45.55
2026-05-20,301399,英特科技,22.26
2026-05-20,301408,华人健康,18.54
2026-05-20,301413,安培龙,137.00
2026-05-20,301418,协昌科技,44.10
2026-05-20,301419,阿莱德,42.90
2026-05-20,301421,波长光电,117.62
2026-05-20,301429,森泰股份,22.63
2026-05-20,301439,泓淋电力,17.30
2026-05-20,301446,福事特,45.82
2026-05-20,301449,天溯计量,71.17
2026-05-20,301458,钧崴电子,43.07
2026-05-20,301469,恒达新材,37.37
2026-05-20,301479,弘景光电,115.69
2026-05-20,301487,盟固利,25.52
2026-05-20,301489,思泉新材,279.99
2026-05-20,301498,乖宝宠物,46.60
2026-05-20,301499,维科精密,37.74
2026-05-20,301500,飞南资源,27.69
2026-05-20,301502,华阳智能,88.90
2026-05-20,301509,金凯生科,33.31
2026-05-20,301511,德福科技,109.60
2026-05-20,301512,智信精密,52.51
2026-05-20,301513,尚水智能,89.93
2026-05-20,301515,港通医疗,23.90
2026-05-20,301517,陕西华达,66.98
2026-05-20,301518,长华化学,35.14
2026-05-20,301519,舜禹股份,15.33
2026-05-20,301520,万邦医药,41.10
2026-05-20,301522,上大股份,32.82
2026-05-20,301525,儒竞科技,77.86
2026-05-20,301526,国际复材,18.78
2026-05-20,301528,多浦乐,71.26
2026-05-20,301529,福赛科技,164.95
2026-05-20,301531,春光集团,103.07
2026-05-20,301536,星宸科技,93.84
2026-05-20,301538,骏鼎达,115.03
2026-05-20,301539,宏鑫科技,17.85
2026-05-20,301548,崇德科技,87.05
2026-05-20,301555,惠柏新材,42.20
2026-05-20,301557,常友科技,117.15
2026-05-20,301559,中集环科,15.85
2026-05-20,301560,众捷汽车,43.12
2026-05-20,301563,云汉芯城,177.40
2026-05-20,301565,中仑新材,22.65
2026-05-20,301566,达利凯普,28.77
2026-05-20,301567,贝隆精密,47.08
2026-05-20,301568,思泰克,61.98
2026-05-20,301571,国科天成,65.14
2026-05-20,301575,艾芬达,47.50
2026-05-20,301577,美信科技,76.11
2026-05-20,301578,辰奕智能,35.80
2026-05-20,301580,爱迪特,62.98
2026-05-20,301581,黄山谷捷,50.18
2026-05-20,301585,蓝宇股份,29.51
2026-05-20,301587,中瑞股份,27.97
2026-05-20,301589,诺瓦星云,190.19
2026-05-20,301590,优优绿能,204.80
2026-05-20,301591,肯特股份,46.18
2026-05-20,301592,六九一二,128.78
2026-05-20,301598,博科测试,66.53
2026-05-20,301599,理奇智能,79.50
2026-05-20,301602,超研股份,17.85
2026-05-20,301603,乔锋智能,141.05
2026-05-20,301606,绿联科技,82.33
2026-05-20,301607,富特科技,56.69
2026-05-20,301608,博实结,66.65
2026-05-20,301611,珂玛科技,124.60
2026-05-20,301613,新铝时代,45.80
2026-05-20,301618,长联科技,53.76
2026-05-20,301622,英思特,56.54
2026-05-20,301626,苏州天脉,291.18
2026-05-20,301628,强达电路,117.96
2026-05-20,301629,矽电股份,427.50
2026-05-20,301630,同宇新材,265.82
2026-05-20,301631,壹连科技,133.91
2026-05-20,301636,泽润新能,58.98
2026-05-20,301658,首航新能,42.88
2026-05-20,301662,宏工科技,169.00
2026-05-20,301666,大普微-UW,NaN
2026-05-20,301667,纳百川,99.21
2026-05-20,301678,新恒汇,63.66
2026-05-20,301680,固德电材,113.64
2026-05-20,301682,宏明电子,156.79
2026-05-20,301683,慧谷新材,141.99
2026-05-20,301687,新广益,60.24
2026-05-20,301696,三瑞智能,160.18
2026-05-20,600000,浦发银行,8.94
2026-05-20,600001,邯郸钢铁,NaN
2026-05-20,600002,齐鲁石化,NaN
2026-05-20,600003,ST东北高,NaN
2026-05-20,600004,白云机场,8.31
2026-05-20,600005,武钢股份,NaN
2026-05-20,600006,东风股份,6.71
2026-05-20,600007,中国国贸,21.07
2026-05-20,600008,首创环保,3.12
2026-05-20,600009,上海机场,25.75
2026-05-20,600010,包钢股份,2.60
2026-05-20,600012,皖通高速,16.06
2026-05-20,600015,华夏银行,6.67
2026-05-20,600016,民生银行,3.56
2026-05-20,600018,上港集团,5.11
2026-05-20,600021,上海电力,18.68
2026-05-20,600026,中远海能,22.64
2026-05-20,600028,中国石化,5.10
2026-05-20,600030,中信证券,26.08
2026-05-20,600031,三一重工,19.40
2026-05-20,600033,福建高速,3.55
2026-05-20,600035,楚天高速,3.84
2026-05-20,600036,招商银行,37.17
2026-05-20,600039,四川路桥,8.09
2026-05-20,600052,东望时代,4.60
2026-05-20,600053,*ST九鼎,10.02
2026-05-20,600054,黄山旅游,11.18
2026-05-20,600055,万东医疗,14.08
2026-05-20,600056,中国医药,9.95
2026-05-20,600057,厦门象屿,6.39
2026-05-20,600059,古越龙山,8.49
2026-05-20,600060,海信视像,24.72
2026-05-20,600065,*ST联谊,NaN
2026-05-20,600068,葛洲坝,NaN
2026-05-20,600069,退市银鸽,NaN
2026-05-20,600070,*ST富润,NaN
2026-05-20,600072,中船科技,13.10
2026-05-20,600074,退市保千,NaN
2026-05-20,600076,康欣新材,4.04
2026-05-20,600077,*ST宋都,NaN
2026-05-20,600083,*ST博信,NaN
2026-05-20,600084,*ST尼雅,5.10
2026-05-20,600085,同仁堂,25.90
2026-05-20,600086,退市金钰,NaN
2026-05-20,600087,退市长油,NaN
2026-05-20,600088,中视传媒,16.10
2026-05-20,600090,退市济堂,NaN
2026-05-20,600091,退市明科,NaN
2026-05-20,600092,S*ST精密,NaN
2026-05-20,600093,退市易见,NaN
2026-05-20,600094,大名城,4.88
2026-05-20,600096,云天化,31.67
2026-05-20,600102,莱钢股份,NaN
2026-05-20,600105,永鼎股份,50.63
2026-05-20,600106,重庆路桥,5.89
2026-05-20,600107,*ST尔雅,6.56
2026-05-20,600109,国金证券,8.86
2026-05-20,600110,诺德股份,9.91
2026-05-20,600111,北方稀土,51.89
2026-05-20,600112,*ST天成,NaN
2026-05-20,600115,中国东航,4.12
2026-05-20,600118,中国卫星,86.36
2026-05-20,600122,*ST宏图,NaN
2026-05-20,600125,铁龙物流,5.90
2026-05-20,600129,太极集团,14.91
2026-05-20,600132,重庆啤酒,53.24
2026-05-20,600135,乐凯胶片,11.09
2026-05-20,600139,*ST西源,NaN
2026-05-20,600141,兴发集团,31.98
2026-05-20,600145,退市新亿,NaN
2026-05-20,600146,退市环球,NaN
2026-05-20,600148,长春一东,18.75
2026-05-20,600150,中国船舶,38.70
2026-05-20,600151,航天机电,15.78
2026-05-20,600152,维科技术,12.75
2026-05-20,600158,中体产业,11.85
2026-05-20,600160,巨化股份,33.05
2026-05-20,600165,ST宁科,3.20
2026-05-20,600169,ST太重,2.32
2026-05-20,600171,上海贝岭,30.27
2026-05-20,600172,黄河旋风,10.70
2026-05-20,600175,退市美都,NaN
2026-05-20,600176,中国巨石,35.11
2026-05-20,600177,雅戈尔,7.48
2026-05-20,600179,安通控股,4.37
2026-05-20,600181,S*ST云大,NaN
2026-05-20,600183,生益科技,100.56
2026-05-20,600184,光电股份,28.20
2026-05-20,600189,泉阳泉,8.88
2026-05-20,600190,退市锦港,NaN
2026-05-20,600191,华资实业,10.92
2026-05-20,600193,*ST创兴,NaN
2026-05-20,600196,复星医药,24.02
2026-05-20,600197,伊力特,12.40
2026-05-20,600199,金种子酒,8.14
2026-05-20,600200,退市苏吴,NaN
2026-05-20,600205,S山东铝,NaN
2026-05-20,600206,有研新材,30.78
2026-05-20,600207,安彩高科,6.34
2026-05-20,600209,退市罗顿,NaN
2026-05-20,600210,紫江企业,6.82
2026-05-20,600211,西藏药业,41.03
2026-05-20,600213,*ST亚星,NaN
2026-05-20,600219,XD南山铝,5.20
2026-05-20,600220,ST阳光,NaN
2026-05-20,600222,太龙药业,7.90
2026-05-20,600225,退市卓朗,NaN
2026-05-20,600226,亨通股份,6.03
2026-05-20,600230,沧州大化,16.81
2026-05-20,600231,凌钢股份,2.09
2026-05-20,600232,金鹰股份,8.36
2026-05-20,600233,圆通速递,19.34
2026-05-20,600235,民丰特纸,6.64
2026-05-20,600237,铜峰电子,9.68
2026-05-20,600238,*ST椰岛,5.31
2026-05-20,600240,退市华业,NaN
2026-05-20,600241,时代万恒,8.72
2026-05-20,600242,退市中昌,NaN
2026-05-20,600246,万通发展,14.21
2026-05-20,600247,*ST成城,NaN
2026-05-20,600253,天方药业,NaN
2026-05-20,600256,广汇能源,6.49
2026-05-20,600259,中稀有色,90.10
2026-05-20,600260,*ST凯乐,NaN
2026-05-20,600263,路桥建设,NaN
2026-05-20,600267,海正药业,10.93
2026-05-20,600270,外运发展,NaN
2026-05-20,600273,嘉化能源,7.99
2026-05-20,600275,退市昌鱼,NaN
2026-05-20,600277,ST亿利,NaN
2026-05-20,600278,东方创业,7.04
2026-05-20,600284,浦东建设,7.34
2026-05-20,600286,S*ST国瓷,NaN
2026-05-20,600290,*ST华仪,NaN
2026-05-20,600291,退市西水,NaN
2026-05-20,600296,S兰铝,NaN
2026-05-20,600297,广汇汽车,NaN
2026-05-20,600298,安琪酵母,36.15
2026-05-20,600302,ST标准,9.69
2026-05-20,600305,恒顺醋业,7.26
2026-05-20,600306,退市商城,NaN
2026-05-20,600309,万华化学,79.00
2026-05-20,600311,*ST荣华,NaN
2026-05-20,600315,上海家化,18.19
2026-05-20,600317,营口港,NaN
2026-05-20,600319,亚星化学,8.01
2026-05-20,600320,振华重工,4.95
2026-05-20,600321,正源股份,NaN
2026-05-20,600326,西藏天路,8.77
2026-05-20,600331,宏达股份,15.80
2026-05-20,600333,长春燃气,6.08
2026-05-20,600336,澳柯玛,8.26
2026-05-20,600337,ST美克,3.12
2026-05-20,600338,西藏珠峰,20.59
2026-05-20,600339,中油工程,4.27
2026-05-20,600340,*ST华幸,1.15
2026-05-20,600345,长江通信,55.43
2026-05-20,600346,恒力石化,19.87
2026-05-20,600348,华阳股份,9.21
2026-05-20,600350,山东高速,11.84
2026-05-20,600352,浙江龙盛,11.53
2026-05-20,600353,旭光电子,23.91
2026-05-20,600355,*ST精伦,NaN
2026-05-20,600356,恒丰纸业,9.46
2026-05-20,600357,承德钒钛,NaN
2026-05-20,600358,国旅联合,6.80
2026-05-20,600361,创新新材,4.40
2026-05-20,600362,江西铜业,44.96
2026-05-20,600366,宁波韵升,13.04
2026-05-20,600377,宁沪高速,12.31
2026-05-20,600378,昊华科技,35.97
2026-05-20,600380,健康元,10.29
2026-05-20,600385,退市金泰,NaN
2026-05-20,600387,退市海越,NaN
2026-05-20,600388,龙净环保,18.68
2026-05-20,600389,江山股份,26.39
2026-05-20,600391,航发科技,43.24
2026-05-20,600392,盛和资源,23.77
2026-05-20,600393,ST粤泰,NaN
2026-05-20,600395,盘江股份,5.41
2026-05-20,600398,海澜之家,6.05
2026-05-20,600400,红豆股份,3.11
2026-05-20,600401,退市海润,NaN
2026-05-20,600409,三友化工,7.36
2026-05-20,600415,小商品城,14.17
2026-05-20,600420,国药现代,9.17
2026-05-20,600421,*ST华嵘,NaN
2026-05-20,600425,青松建化,3.92
2026-05-20,600426,华鲁恒升,32.13
2026-05-20,600428,中远海特,7.96
2026-05-20,600429,三元股份,5.24
2026-05-20,600432,退市吉恩,NaN
2026-05-20,600433,冠豪高新,4.29
2026-05-20,600436,片仔癀,127.50
2026-05-20,600438,通威股份,16.15
2026-05-20,600449,宁夏建材,14.66
2026-05-20,600455,博通股份,29.45
2026-05-20,600456,宝钛股份,33.38
2026-05-20,600458,时代新材,12.30
2026-05-20,600460,士兰微,32.59
2026-05-20,600461,洪城环境,10.52
2026-05-20,600462,退市九有,NaN
2026-05-20,600463,空港股份,10.57
2026-05-20,600466,*ST蓝光,NaN
2026-05-20,600472,包头铝业,NaN
2026-05-20,600479,千金药业,10.21
2026-05-20,600481,双良节能,7.32
2026-05-20,600485,*ST信威,NaN
2026-05-20,600486,扬农化工,63.25
2026-05-20,600487,亨通光电,75.78
2026-05-20,600491,ST龙元,1.39
2026-05-20,600497,驰宏锌锗,9.97
2026-05-20,600498,烽火通信,58.48
2026-05-20,600499,科达制造,17.21
2026-05-20,600500,中化国际,6.15
2026-05-20,600507,方大特钢,4.88
2026-05-20,600510,黑牡丹,9.16
2026-05-20,600511,国药股份,27.32
2026-05-20,600515,海南机场,3.27
2026-05-20,600519,贵州茅台,1315.00
2026-05-20,600520,三佳科技,32.20
2026-05-20,600521,华海药业,16.65
2026-05-20,600522,中天科技,45.41
2026-05-20,600525,ST长园,5.57
2026-05-20,600529,XD山东药,17.36
2026-05-20,600530,交大昂立,7.57
2026-05-20,600532,退市未来,NaN
2026-05-20,600538,国发股份,6.90
2026-05-20,600543,*ST莫高,4.99
2026-05-20,600545,卓郎智能,5.91
2026-05-20,600546,山煤国际,13.57
2026-05-20,600549,厦门钨业,50.89
2026-05-20,600551,时代出版,8.36
2026-05-20,600552,凯盛科技,18.15
2026-05-20,600553,太行水泥,NaN
2026-05-20,600555,退市海创,NaN
2026-05-20,600559,老白干酒,13.30
2026-05-20,600560,金自天正,14.56
2026-05-20,600563,法拉电子,162.36
2026-05-20,600565,ST迪马,NaN
2026-05-20,600566,济川药业,28.74
2026-05-20,600568,ST中珠,2.59
2026-05-20,600573,惠泉啤酒,12.96
2026-05-20,600576,祥源文旅,5.81
2026-05-20,600577,精达股份,14.70
2026-05-20,600582,天地科技,5.46
2026-05-20,600583,海油工程,6.21
2026-05-20,600584,长电科技,66.22
2026-05-20,600585,海螺水泥,20.01
2026-05-20,600589,大位科技,13.38
2026-05-20,600590,泰豪科技,14.75
2026-05-20,600591,*ST上航,NaN
2026-05-20,600593,大连圣亚,34.67
2026-05-20,600595,中孚实业,7.32
2026-05-20,600596,新安股份,12.29
2026-05-20,600598,北大荒,15.76
2026-05-20,600599,*ST熊猫,NaN
2026-05-20,600600,青岛啤酒,61.81
2026-05-20,600603,广汇物流,5.54
2026-05-20,600604,市北高新,5.40
2026-05-20,600607,上实医药,NaN
2026-05-20,600608,*ST沪科,NaN
2026-05-20,600611,大众交通,5.06
2026-05-20,600612,老凤祥,37.18
2026-05-20,600614,退市鹏起,NaN
2026-05-20,600615,鑫源智造,12.25
2026-05-20,600616,金枫酒业,4.76
2026-05-20,600618,氯碱化工,11.65
2026-05-20,600619,海立股份,19.46
2026-05-20,600621,华鑫股份,14.04
2026-05-20,600622,光大嘉宝,2.60
2026-05-20,600623,华谊集团,10.19
2026-05-20,600625,PT水仙,NaN
2026-05-20,600626,申达股份,4.18
2026-05-20,600627,上电股份,NaN
2026-05-20,600629,华建集团,20.51
2026-05-20,600631,百联股份,NaN
2026-05-20,600632,华联商厦,NaN
2026-05-20,600634,退市富控,NaN
2026-05-20,600635,大众公用,5.53
2026-05-20,600636,*ST国化,NaN
2026-05-20,600637,东方明珠,10.52
2026-05-20,600639,浦东金桥,10.07
2026-05-20,600641,先导基电,29.20
2026-05-20,600646,ST国嘉,NaN
2026-05-20,600647,退市同达,NaN
2026-05-20,600648,外高桥,9.85
2026-05-20,600650,锦江在线,12.67
2026-05-20,600651,飞乐音响,7.25
2026-05-20,600652,退市游久,NaN
2026-05-20,600656,退市博元,NaN
2026-05-20,600657,信达地产,2.91
2026-05-20,600659,*ST花雕,NaN
2026-05-20,600665,天地源,3.37
2026-05-20,600667,太极实业,13.69
2026-05-20,600669,*ST鞍成,NaN
2026-05-20,600670,*ST斯达,NaN
2026-05-20,600671,天目药业,19.27
2026-05-20,600672,*ST华圣,NaN
2026-05-20,600673,东阳光,38.46
2026-05-20,600677,*ST航通,NaN
2026-05-20,600678,ST金顶,6.54
2026-05-20,600680,*ST上普,NaN
2026-05-20,600685,中船防务,30.41
2026-05-20,600687,退市刚泰,NaN
2026-05-20,600690,海尔智家,20.88
2026-05-20,600693,东百集团,9.77
2026-05-20,600694,大商股份,17.62
2026-05-20,600695,退市绿庭,NaN
2026-05-20,600696,*ST岩石,NaN
2026-05-20,600700,*ST数码,NaN
2026-05-20,600701,退市工新,NaN
2026-05-20,600702,舍得酒业,41.73
2026-05-20,600703,三安光电,16.75
2026-05-20,600704,物产中大,4.95
2026-05-20,600705,中航产融,NaN
2026-05-20,600707,彩虹股份,10.39
2026-05-20,600709,ST生态,NaN
2026-05-20,600714,金瑞矿业,27.72
2026-05-20,600723,首商股份,NaN
2026-05-20,600724,宁波富达,7.73
2026-05-20,600725,云维股份,4.13
2026-05-20,600732,爱旭股份,13.17
2026-05-20,600734,*ST实达,2.31
2026-05-20,600739,辽宁成大,11.25
2026-05-20,600741,华域汽车,17.29
2026-05-20,600747,退市大控,NaN
2026-05-20,600749,西藏旅游,15.79
2026-05-20,600750,华润江中,22.88
2026-05-20,600751,海航科技,3.69
2026-05-20,600752,*ST哈慈,NaN
2026-05-20,600753,*ST海钦,14.43
2026-05-20,600754,锦江酒店,21.62
2026-05-20,600759,ST洲际,2.94
2026-05-20,600762,S*ST金荔,NaN
2026-05-20,600764,中国海防,22.27
2026-05-20,600766,退市园城,NaN
2026-05-20,600767,退市运盛,NaN
2026-05-20,600768,宁波富邦,19.13
2026-05-20,600770,综艺股份,6.97
2026-05-20,600772,S*ST龙昌,NaN
2026-05-20,600773,西藏城投,20.82
2026-05-20,600777,*ST新潮,5.77
2026-05-20,600781,退市辅仁,NaN
2026-05-20,600783,鲁信创投,23.47
2026-05-20,600784,鲁银投资,8.05
2026-05-20,600786,东方锅炉,NaN
2026-05-20,600788,*ST达曼,NaN
2026-05-20,600799,*ST龙科,NaN
2026-05-20,600801,华新建材,18.96
2026-05-20,600803,新奥股份,20.87
2026-05-20,600804,退市鹏博,NaN
2026-05-20,600806,退市昆机,NaN
2026-05-20,600809,山西汾酒,131.46
2026-05-20,600810,神马股份,6.93
2026-05-20,600811,*ST东方,NaN
2026-05-20,600813,ST鞍一工,NaN
2026-05-20,600816,建元信托,3.23
2026-05-20,600818,ST中路,6.53
2026-05-20,600819,耀皮玻璃,7.15
2026-05-20,600820,隧道股份,5.67
2026-05-20,600823,*ST世茂,NaN
2026-05-20,600832,东方明珠,NaN
2026-05-20,600834,申通地铁,8.00
2026-05-20,600835,上海机电,26.34
2026-05-20,600836,*ST易连,NaN
2026-05-20,600837,海通证券,NaN
2026-05-20,600840,新湖创业,NaN
2026-05-20,600841,动力新科,7.91
2026-05-20,600842,中西药业,NaN
2026-05-20,600846,同济科技,12.72
2026-05-20,600847,万里股份,17.72
2026-05-20,600848,上海临港,8.90
2026-05-20,600849,上药转换,NaN
2026-05-20,600850,电科数字,22.50
2026-05-20,600851,海欣股份,7.95
2026-05-20,600852,*ST中川,NaN
2026-05-20,600853,龙建股份,3.97
2026-05-20,600856,退市中天,NaN
2026-05-20,600863,华能蒙电,5.38
2026-05-20,600869,远东股份,22.15
2026-05-20,600870,退市厦华,NaN
2026-05-20,600871,石化油服,2.58
2026-05-20,600872,中炬高新,20.22
2026-05-20,600873,梅花生物,9.62
2026-05-20,600874,创业环保,5.98
2026-05-20,600877,电科芯片,16.63
2026-05-20,600878,*ST北科,NaN
2026-05-20,600882,妙可蓝多,19.21
2026-05-20,600883,博闻科技,9.21
2026-05-20,600884,杉杉股份,15.27
2026-05-20,600885,宏发股份,33.00
2026-05-20,600887,伊利股份,27.12
2026-05-20,600888,新疆众和,9.23
2026-05-20,600889,*ST京化,14.95
2026-05-20,600890,退市中房,NaN
2026-05-20,600891,退市秋林,NaN
2026-05-20,600892,*ST大晟,4.00
2026-05-20,600893,航发动力,47.15
2026-05-20,600895,张江高科,38.15
2026-05-20,600896,退市海医,NaN
2026-05-20,600898,*ST美讯,NaN
2026-05-20,600899,*ST信联,NaN
2026-05-20,600901,江苏金租,6.57
2026-05-20,600903,贵州燃气,9.83
2026-05-20,600906,财达证券,6.32
2026-05-20,600909,华安证券,6.62
2026-05-20,600916,中国黄金,8.29
2026-05-20,600917,重庆燃气,5.62
2026-05-20,600919,江苏银行,11.17
2026-05-20,600925,苏能股份,4.65
2026-05-20,600926,杭州银行,16.19
2026-05-20,600928,西安银行,3.61
2026-05-20,600929,雪天盐业,6.28
2026-05-20,600938,中国海油,37.58
2026-05-20,600955,维远股份,17.98
2026-05-20,600961,株冶集团,27.60
2026-05-20,600962,国投中鲁,27.65
2026-05-20,600963,岳阳林纸,4.35
2026-05-20,600965,*ST福成,3.41
2026-05-20,600966,博汇纸业,6.06
2026-05-20,600968,海油发展,4.22
2026-05-20,600970,中材国际,8.66
2026-05-20,600973,宝胜股份,7.45
2026-05-20,600976,健民集团,30.66
2026-05-20,600977,中国电影,14.68
2026-05-20,600978,*ST宜生,NaN
2026-05-20,600980,北矿科技,22.81
2026-05-20,600983,惠而浦,8.91
2026-05-20,600987,航民股份,6.96
2026-05-20,600990,四创电子,21.62
2026-05-20,600991,广汽长丰,NaN
2026-05-20,600998,九州通,4.88
2026-05-20,600999,招商证券,17.05
2026-05-20,601000,唐山港,4.65
2026-05-20,601001,晋控煤业,17.73
2026-05-20,601006,大秦铁路,5.49
2026-05-20,601009,南京银行,10.98
2026-05-20,601012,隆基绿能,15.35
2026-05-20,601018,宁波港,3.64
2026-05-20,601021,春秋航空,45.59
2026-05-20,601022,宁波远洋,8.55
2026-05-20,601028,玉龙股份,NaN
2026-05-20,601059,信达证券,17.31
2026-05-20,601066,中信建投,22.33
2026-05-20,601068,中铝国际,5.76
2026-05-20,601077,渝农商行,6.88
2026-05-20,601083,锦江航运,11.75
2026-05-20,601088,中国神华,46.00
2026-05-20,601089,福元医药,19.15
2026-05-20,601098,中南传媒,11.33
2026-05-20,601100,恒立液压,112.63
2026-05-20,601112,振石股份,19.41
2026-05-20,601121,宝地矿业,7.09
2026-05-20,601126,四方股份,86.48
2026-05-20,601128,常熟银行,7.20
2026-05-20,601133,柏诚股份,33.30
2026-05-20,601137,博威合金,20.62
2026-05-20,601138,工业富联,68.15
2026-05-20,601139,深圳燃气,6.71
2026-05-20,601155,新城控股,14.38
2026-05-20,601156,东航物流,16.24
2026-05-20,601163,三角轮胎,14.53
2026-05-20,601166,兴业银行,17.33
2026-05-20,601168,西部矿业,30.08
2026-05-20,601169,北京银行,5.14
2026-05-20,601187,厦门银行,7.25
2026-05-20,601188,龙江交通,3.31
2026-05-20,601198,东兴证券,13.60
2026-05-20,601199,江南水务,6.09
2026-05-20,601208,东材科技,51.49
2026-05-20,601211,国泰海通,15.31
2026-05-20,601216,君正集团,5.44
2026-05-20,601225,陕西煤业,24.17
2026-05-20,601229,上海银行,9.08
2026-05-20,601231,环旭电子,39.36
2026-05-20,601233,桐昆股份,19.98
2026-05-20,601236,红塔证券,7.14
2026-05-20,601258,*ST庞大,NaN
2026-05-20,601268,*ST二重,NaN
2026-05-20,601298,青岛港,8.93
2026-05-20,601299,中国北车,NaN
2026-05-20,601311,骆驼股份,9.36
2026-05-20,601318,中国平安,54.11
2026-05-20,601319,中国人保,7.04
2026-05-20,601333,广深铁路,3.07
2026-05-20,601339,百隆东方,8.06
2026-05-20,601375,中原证券,3.98
2026-05-20,601377,兴业证券,5.88
2026-05-20,601388,怡球资源,3.71
2026-05-20,601456,国联民生,9.24
2026-05-20,601518,吉林高速,2.94
2026-05-20,601555,东吴证券,8.11
2026-05-20,601558,退市锐电,NaN
2026-05-20,601566,九牧王,11.98
2026-05-20,601568,北元化工,3.81
2026-05-20,601577,长沙银行,9.22
2026-05-20,601579,会稽山,17.73
2026-05-20,601595,上海电影,22.52
2026-05-20,601598,中国外运,6.28
2026-05-20,601600,中国铝业,11.00
2026-05-20,601601,中国太保,33.42
2026-05-20,601606,长城军工,37.43
2026-05-20,601607,上海医药,16.62
2026-05-20,601609,金田股份,14.40
2026-05-20,601618,中国中冶,2.85
2026-05-20,601628,中国人寿,34.54
2026-05-20,601658,邮储银行,4.91
2026-05-20,601665,齐鲁银行,6.14
2026-05-20,601668,中国建筑,4.84
2026-05-20,601677,明泰铝业,18.33
2026-05-20,601678,滨化股份,6.41
2026-05-20,601686,友发集团,5.39
2026-05-20,601688,华泰证券,18.57
2026-05-20,601696,中银证券,12.06
2026-05-20,601698,中国卫通,33.98
2026-05-20,601702,华峰铝业,19.21
2026-05-20,601727,上海电气,9.07
2026-05-20,601788,光大证券,14.98
2026-05-20,601798,蓝科高新,8.76
2026-05-20,601799,星宇股份,132.85
2026-05-20,601808,中海油服,14.18
2026-05-20,601818,光大银行,3.13
2026-05-20,601828,美凯龙,2.56
2026-05-20,601838,成都银行,18.68
2026-05-20,601857,中国石油,11.63
2026-05-20,601860,紫金银行,2.58
2026-05-20,601869,长飞光纤,397.95
2026-05-20,601872,招商轮船,17.73
2026-05-20,601878,浙商证券,9.55
2026-05-20,601881,中国银河,12.49
2026-05-20,601886,江河集团,9.24
2026-05-20,601888,中国中免,57.81
2026-05-20,601890,亚星锚链,9.95
2026-05-20,601898,中煤能源,17.09
2026-05-20,601900,南方传媒,12.31
2026-05-20,601901,方正证券,6.97
2026-05-20,601916,浙商银行,2.99
2026-05-20,601919,中远海控,14.49
2026-05-20,601921,浙版传媒,7.46
2026-05-20,601928,凤凰传媒,9.13
2026-05-20,601939,建设银行,9.85
2026-05-20,601958,金钼股份,21.03
2026-05-20,601963,重庆银行,11.06
2026-05-20,601969,海南矿业,10.86
2026-05-20,601975,招商南油,5.33
2026-05-20,601989,中国重工,NaN
2026-05-20,601990,南京证券,7.07
2026-05-20,601995,中金公司,34.36
2026-05-20,601996,丰林集团,3.07
2026-05-20,601997,贵阳银行,6.03
2026-05-20,601998,中信银行,7.86
2026-05-20,603001,奥康国际,9.15
2026-05-20,603002,宏昌电子,15.66
2026-05-20,603003,退市龙宇,NaN
2026-05-20,603004,鼎龙科技,21.95
2026-05-20,603005,晶方科技,36.80
2026-05-20,603006,联明股份,14.08
2026-05-20,603008,ST喜临门,9.43
2026-05-20,603012,创力集团,9.50
2026-05-20,603014,威高血净,35.30
2026-05-20,603015,弘讯科技,13.48
2026-05-20,603016,新宏泰,49.43
2026-05-20,603017,中衡设计,14.47
2026-05-20,603019,中科曙光,98.38
2026-05-20,603020,爱普股份,10.61
2026-05-20,603021,*ST华鹏,6.81
2026-05-20,603022,新通联,11.56
2026-05-20,603023,威帝股份,5.15
2026-05-20,603026,石大胜华,100.98
2026-05-20,603027,千禾味业,8.18
2026-05-20,603028,赛福天,9.42
2026-05-20,603030,全筑股份,2.95
2026-05-20,603031,安孚科技,56.84
2026-05-20,603032,德新科技,23.68
2026-05-20,603033,三维股份,11.15
2026-05-20,603038,华立股份,17.41
2026-05-20,603039,泛微网络,48.92
2026-05-20,603041,美思德,14.40
2026-05-20,603042,华脉科技,22.49
2026-05-20,603048,浙江黎明,22.99
2026-05-20,603049,中策橡胶,47.19
2026-05-20,603053,成都燃气,10.02
2026-05-20,603055,台华新材,8.54
2026-05-20,603056,德邦股份,NaN
2026-05-20,603057,紫燕食品,28.41
2026-05-20,603059,倍加洁,30.17
2026-05-20,603061,金海通,348.59
2026-05-20,603063,禾望电气,60.93
2026-05-20,603065,宿迁联盛,8.24
2026-05-20,603068,博通集成,38.25
2026-05-20,603069,海汽集团,17.96
2026-05-20,603072,天和磁材,37.82
2026-05-20,603073,彩蝶实业,20.15
2026-05-20,603075,XD热威股,24.17
2026-05-20,603076,乐惠国际,27.40
2026-05-20,603078,江化微,35.24
2026-05-20,603079,圣达生物,15.28
2026-05-20,603085,天成自控,14.31
2026-05-20,603087,甘李药业,55.15
2026-05-20,603088,宁波精达,12.75
2026-05-20,603089,正裕工业,11.30
2026-05-20,603090,宏盛股份,71.89
2026-05-20,603091,众鑫股份,83.26
2026-05-20,603092,德力佳,76.40
2026-05-20,603095,越剑智能,22.27
2026-05-20,603097,江苏华辰,29.22
2026-05-20,603099,长白山,37.07
2026-05-20,603102,百合股份,40.06
2026-05-20,603108,润达医疗,15.46
2026-05-20,603112,XD华翔股,21.64
2026-05-20,603115,海星股份,97.55
2026-05-20,603116,红蜻蜓,7.71
2026-05-20,603118,共进股份,15.58
2026-05-20,603119,浙江荣泰,76.89
2026-05-20,603124,江南新材,123.48
2026-05-20,603125,常青科技,28.18
2026-05-20,603126,中材节能,8.39
2026-05-20,603127,昭衍新药,38.88
2026-05-20,603128,华贸物流,5.55
2026-05-20,603129,春风动力,244.90
2026-05-20,603130,云中马,47.43
2026-05-20,603132,金徽股份,18.40
2026-05-20,603133,退市碳元,NaN
2026-05-20,603135,中重科技,11.87
2026-05-20,603137,恒尚节能,13.73
2026-05-20,603139,康惠股份,38.85
2026-05-20,603153,上海建科,15.38
2026-05-20,603155,新亚强,20.35
2026-05-20,603156,养元饮品,49.05
2026-05-20,603157,退市拉夏,NaN
2026-05-20,603158,腾龙股份,14.17
2026-05-20,603159,上海亚虹,27.44
2026-05-20,603160,汇顶科技,65.91
2026-05-20,603161,科华控股,13.92
2026-05-20,603162,DR海通发,12.72
2026-05-20,603163,圣晖集成,128.21
2026-05-20,603167,渤海轮渡,9.15
2026-05-20,603170,宝立食品,12.33
2026-05-20,603175,超颖电子,94.61
2026-05-20,603176,汇通集团,5.70
2026-05-20,603177,德创环保,11.52
2026-05-20,603179,DR新泉股,57.38
2026-05-20,603181,皇马科技,15.31
2026-05-20,603182,嘉华股份,14.67
2026-05-20,603185,弘元绿能,21.83
2026-05-20,603186,华正新材,113.99
2026-05-20,603187,海容冷链,13.09
2026-05-20,603188,亚邦股份,5.04
2026-05-20,603191,望变电气,23.28
2026-05-20,603192,汇得科技,21.95
2026-05-20,603193,润本股份,23.51
2026-05-20,603194,中力股份,36.03
2026-05-20,603195,公牛集团,43.35
2026-05-20,603197,保隆科技,34.28
2026-05-20,603198,迎驾贡酒,36.85
2026-05-20,603200,上海洗霸,57.47
2026-05-20,603201,常润股份,17.05
2026-05-20,603203,快克智能,62.42
2026-05-20,603205,健尔康,26.50
2026-05-20,603209,兴通股份,14.25
2026-05-20,603211,晋拓股份,30.18
2026-05-20,603213,镇洋发展,13.64
2026-05-20,603215,比依股份,17.32
2026-05-20,603216,梦天家居,27.65
2026-05-20,603219,富佳股份,18.45
2026-05-20,603221,爱丽家居,12.64
2026-05-20,603222,济民健康,9.83
2026-05-20,603223,恒通股份,9.89
2026-05-20,603225,新凤鸣,17.24
2026-05-20,603227,雪峰科技,8.70
2026-05-20,603228,景旺电子,76.26
2026-05-20,603229,奥翔药业,10.58
2026-05-20,603233,大参林,17.92
2026-05-20,603237,五芳斋,16.27
2026-05-20,603248,锡华科技,32.41
2026-05-20,603255,鼎际得,33.61
2026-05-20,603256,宏和科技,145.00
2026-05-20,603257,中国瑞林,63.10
2026-05-20,603259,药明康德,103.10
2026-05-20,603260,合盛硅业,42.20
2026-05-20,603261,*ST立航,36.06
2026-05-20,603262,技源集团,27.84
2026-05-20,603267,鸿远电子,59.52
2026-05-20,603269,海鸥股份,22.02
2026-05-20,603270,金帝股份,31.47
2026-05-20,603272,*ST联翔,34.26
2026-05-20,603276,恒兴新材,17.92
2026-05-20,603277,银都股份,12.86
2026-05-20,603281,江瀚新材,39.05
2026-05-20,603282,亚光股份,18.01
2026-05-20,603283,赛腾股份,71.00
2026-05-20,603285,键邦股份,51.95
2026-05-20,603288,海天味业,35.88
2026-05-20,603290,斯达半导,127.03
2026-05-20,603293,埃泰克,52.04
2026-05-20,603296,华勤技术,109.81
2026-05-20,603297,永新光学,151.40
2026-05-20,603298,杭叉集团,27.33
2026-05-20,603306,华懋科技,113.20
2026-05-20,603307,扬州金泉,43.64
2026-05-20,603308,应流股份,73.49
2026-05-20,603310,巍华新材,17.56
2026-05-20,603311,金海高科,28.61
2026-05-20,603312,西典新能,40.74
2026-05-20,603316,诚邦股份,24.77
2026-05-20,603317,天味食品,16.15
2026-05-20,603318,水发燃气,10.65
2026-05-20,603320,迪贝电气,25.16
2026-05-20,603321,梅轮电梯,7.36
2026-05-20,603323,苏农银行,4.78
2026-05-20,603324,盛剑科技,30.64
2026-05-20,603328,依顿电子,12.11
2026-05-20,603332,苏州龙杰,13.99
2026-05-20,603333,尚纬股份,10.17
2026-05-20,603335,迪生力,7.20
2026-05-20,603336,宏辉果蔬,12.65
2026-05-20,603338,浙江鼎力,54.83
2026-05-20,603345,安井食品,98.52
2026-05-20,603351,威尔药业,26.76
2026-05-20,603353,和顺石油,53.06
2026-05-20,603355,莱克电气,31.15
2026-05-20,603358,华达科技,38.29
2026-05-20,603360,百傲化学,24.10
2026-05-20,603365,水星家纺,19.59
2026-05-20,603368,柳药集团,16.26
2026-05-20,603369,今世缘,28.36
2026-05-20,603375,盛景微,52.70
2026-05-20,603379,三美股份,56.11
2026-05-20,603380,易德龙,43.08
2026-05-20,603381,永臻股份,23.20
2026-05-20,603388,*ST元成,NaN
2026-05-20,603391,力聚热能,69.23
2026-05-20,603393,新天然气,30.53
2026-05-20,603396,金辰股份,36.69
2026-05-20,603398,*ST沐邦,15.25
2026-05-20,603399,永杉锂业,18.80
2026-05-20,603400,华之杰,87.30
2026-05-20,603407,长裕集团,73.80
2026-05-20,603409,汇通控股,42.66
2026-05-20,603435,嘉德利,NaN
2026-05-20,603439,三力制药,13.50
2026-05-20,603444,吉比特,384.50
2026-05-20,603456,九洲药业,13.11
2026-05-20,603459,红板科技,89.91
2026-05-20,603486,科沃斯,68.68
2026-05-20,603488,展鹏科技,11.24
2026-05-20,603489,八方股份,37.63
2026-05-20,603499,翔港科技,22.17
2026-05-20,603500,祥和实业,10.47
2026-05-20,603505,金石资源,22.03
2026-05-20,603508,思维列控,25.57
2026-05-20,603511,爱慕股份,14.18
2026-05-20,603515,欧普照明,19.71
2026-05-20,603516,淳中科技,126.51
2026-05-20,603517,ST绝味,13.59
2026-05-20,603519,立霸股份,13.52
2026-05-20,603520,司太立,13.75
2026-05-20,603527,众源新材,13.16
2026-05-20,603530,神马电力,61.58
2026-05-20,603535,嘉诚国际,8.39
2026-05-20,603538,美诺华,53.02
2026-05-20,603555,ST贵人,NaN
2026-05-20,603557,*ST起步,4.64
2026-05-20,603559,ST通脉,9.66
2026-05-20,603565,中谷物流,10.81
2026-05-20,603566,普莱柯,11.36
2026-05-20,603567,珍宝岛,7.67
2026-05-20,603568,伟明环保,20.19
2026-05-20,603578,三星新材,15.36
2026-05-20,603587,地素时尚,13.12
2026-05-20,603588,高能环境,13.08
2026-05-20,603589,口子窖,21.32
2026-05-20,603590,康辰药业,35.65
2026-05-20,603595,ST东尼,22.08
2026-05-20,603599,广信股份,11.88
2026-05-20,603600,永艺股份,11.74
2026-05-20,603603,退市博天,NaN
2026-05-20,603605,珀莱雅,56.04
2026-05-20,603607,京华激光,24.73
2026-05-20,603608,天创时尚,17.32
2026-05-20,603612,索通发展,22.87
2026-05-20,603616,韩建河山,6.95
2026-05-20,603618,杭电股份,42.58
2026-05-20,603619,中曼石油,29.98
2026-05-20,603628,清源股份,12.04
2026-05-20,603629,利通电子,181.43
2026-05-20,603633,徕木股份,7.99
2026-05-20,603637,镇海股份,18.17
2026-05-20,603639,海利尔,11.47
2026-05-20,603650,彤程新材,62.88
2026-05-20,603656,泰禾智能,18.99
2026-05-20,603659,璞泰来,32.42
2026-05-20,603662,柯力传感,66.28
2026-05-20,603663,三祥新材,45.73
2026-05-20,603666,亿嘉和,31.18
2026-05-20,603668,天马科技,12.57
2026-05-20,603669,灵康药业,4.36
2026-05-20,603677,奇精机械,16.92
2026-05-20,603678,火炬电子,35.19
2026-05-20,603681,永冠新材,21.60
2026-05-20,603682,锦和商管,9.02
2026-05-20,603683,晶华新材,28.03
2026-05-20,603685,晨丰科技,32.78
2026-05-20,603687,大胜达,17.70
2026-05-20,603688,石英股份,71.89
2026-05-20,603690,至纯科技,31.05
2026-05-20,603699,纽威股份,64.54
2026-05-20,603701,德宏股份,25.84
2026-05-20,603706,东方环宇,24.46
2026-05-20,603708,家家悦,10.07
2026-05-20,603711,香飘飘,15.59
2026-05-20,603712,七一二,16.35
2026-05-20,603713,密尔克卫,52.52
2026-05-20,603719,良品铺子,11.06
2026-05-20,603721,*ST天择,23.18
2026-05-20,603725,天安新材,10.88
2026-05-20,603726,朗迪集团,29.82
2026-05-20,603727,博迈科,18.83
2026-05-20,603730,岱美股份,11.71
2026-05-20,603733,仙鹤股份,20.99
2026-05-20,603737,三棵树,40.20
2026-05-20,603739,蔚蓝生物,14.30
2026-05-20,603755,日辰股份,28.03
2026-05-20,603757,大元泵业,66.50
2026-05-20,603768,常青股份,11.81
2026-05-20,603773,沃格光电,77.76
2026-05-20,603776,永安行,22.04
2026-05-20,603777,来伊份,19.73
2026-05-20,603778,国晟科技,24.91
2026-05-20,603779,威龙股份,13.20
2026-05-20,603786,科博达,54.72
2026-05-20,603789,ST星农,6.04
2026-05-20,603790,雅运股份,32.14
2026-05-20,603798,康普顿,18.36
2026-05-20,603799,华友钴业,58.09
2026-05-20,603800,洪田股份,58.90
2026-05-20,603803,瑞斯康达,15.88
2026-05-20,603806,福斯特,16.62
2026-05-20,603808,歌力思,9.68
2026-05-20,603813,*ST原尚,37.50
2026-05-20,603815,交建股份,6.99
2026-05-20,603816,顾家家居,29.76
2026-05-20,603818,曲美家居,3.69
2026-05-20,603819,神力股份,14.36
2026-05-20,603822,ST嘉澳,81.35
2026-05-20,603823,百合花,23.59
2026-05-20,603826,坤彩科技,36.41
2026-05-20,603829,洛凯股份,26.90
2026-05-20,603843,*ST正平,9.07
2026-05-20,603858,步长制药,15.56
2026-05-20,603859,能科科技,46.34
2026-05-20,603861,白云电器,16.59
2026-05-20,603863,松炀资源,18.21
2026-05-20,603866,桃李面包,4.82
2026-05-20,603868,飞科电器,37.66
2026-05-20,603869,ST智知,11.00
2026-05-20,603878,武进不锈,7.51
2026-05-20,603879,永悦科技,5.66
2026-05-20,603880,南卫股份,8.43
2026-05-20,603882,金域医学,25.93
2026-05-20,603885,吉祥航空,11.06
2026-05-20,603886,元祖股份,11.95
2026-05-20,603889,新澳股份,7.87
2026-05-20,603893,瑞芯微,194.00
2026-05-20,603895,天永智能,40.40
2026-05-20,603899,XD晨光股,21.58
2026-05-20,603906,龙蟠科技,27.83
2026-05-20,603909,建发合诚,11.78
2026-05-20,603912,佳力图,11.38
2026-05-20,603916,苏博特,16.71
2026-05-20,603917,合力科技,13.80
2026-05-20,603919,金徽酒,20.30
2026-05-20,603926,铁流股份,25.15
2026-05-20,603928,兴业股份,16.73
2026-05-20,603929,亚翔集成,188.70
2026-05-20,603931,格林达,50.80
2026-05-20,603933,睿能科技,26.09
2026-05-20,603937,丽岛新材,15.71
2026-05-20,603938,三孚股份,53.76
2026-05-20,603948,建业股份,27.34
2026-05-20,603956,威派格,6.34
2026-05-20,603958,哈森股份,23.80
2026-05-20,603963,*ST大药,NaN
2026-05-20,603966,法兰泰克,13.28
2026-05-20,603968,醋化股份,11.90
2026-05-20,603969,银龙股份,9.60
2026-05-20,603976,正川股份,21.19
2026-05-20,603978,深圳新星,32.99
2026-05-20,603985,恒润股份,26.84
2026-05-20,603986,兆易创新,445.02
2026-05-20,603989,艾华集团,25.71
2026-05-20,603991,至正股份,125.88
2026-05-20,603992,松霖科技,32.20
2026-05-20,603995,甬金股份,18.74
2026-05-20,603996,退市中新,NaN
2026-05-20,603997,继峰股份,13.74
2026-05-20,605003,众望布艺,27.53
2026-05-20,605005,合兴股份,19.11
2026-05-20,605008,长鸿高科,12.38
2026-05-20,605009,豪悦护理,26.36
2026-05-20,605016,百龙创园,27.44
2026-05-20,605018,长华集团,14.01
2026-05-20,605020,永和股份,33.34
2026-05-20,605028,世茂能源,26.19
2026-05-20,605033,美邦股份,22.54
2026-05-20,605055,迎丰股份,12.91
2026-05-20,605056,咸亨国际,25.10
2026-05-20,605058,澳弘电子,38.26
2026-05-20,605060,联德股份,55.89
2026-05-20,605080,浙江自然,26.15
2026-05-20,605081,*ST太和,NaN
2026-05-20,605088,冠盛股份,36.55
2026-05-20,605089,味知香,23.45
2026-05-20,605090,九丰能源,41.77
2026-05-20,605099,共创草坪,44.53
2026-05-20,605100,华丰股份,57.48
2026-05-20,605108,同庆楼,14.05
2026-05-20,605111,新洁能,54.11
2026-05-20,605116,奥锐特,21.17
2026-05-20,605117,德业股份,169.70
2026-05-20,605128,上海沿浦,35.41
2026-05-20,605133,嵘泰股份,40.67
2026-05-20,605138,盛泰集团,7.76
2026-05-20,605151,西上海,22.69
2026-05-20,605168,三人行,61.76
2026-05-20,605169,洪通燃气,13.48
2026-05-20,605177,东亚药业,22.28
2026-05-20,605180,华生科技,15.17
2026-05-20,605189,富春染织,17.73
2026-05-20,605196,华通线缆,41.95
2026-05-20,605198,安德利,58.20
2026-05-20,605208,永茂泰,14.70
2026-05-20,605222,起帆电缆,36.54
2026-05-20,605228,XD神通科,14.09
2026-05-20,605255,天普股份,100.00
2026-05-20,605258,协和电子,36.97
2026-05-20,605287,德才股份,48.90
2026-05-20,605288,凯迪股份,104.61
2026-05-20,605289,罗曼股份,149.01
2026-05-20,605298,必得科技,57.75
2026-05-20,605300,佳禾食品,10.58
2026-05-20,605303,园林股份,27.51
2026-05-20,605305,中际联合,43.16
2026-05-20,605337,李子园,10.21
2026-05-20,605339,南侨食品,16.88
2026-05-20,605358,立昂微,55.78
2026-05-20,605366,宏柏新材,12.25
2026-05-20,605369,拱东医疗,20.20
2026-05-20,605376,博迁新材,137.45
2026-05-20,605378,野马电池,18.48
2026-05-20,605389,长龄液压,119.47
2026-05-20,605399,晨光新材,15.65
2026-05-20,605499,东鹏饮料,149.00
2026-05-20,605500,森林包装,9.84
2026-05-20,605507,国邦医药,22.40
2026-05-20,605555,德昌股份,16.31
2026-05-20,605566,福莱蒽特,35.72
2026-05-20,605567,春雪食品,10.68
2026-05-20,605588,冠石科技,63.19
2026-05-20,605589,圣泉集团,47.87
2026-05-20,605598,上海港湾,51.14
2026-05-20,605599,菜百股份,16.61
2026-05-20,688001,华兴源创,61.31
2026-05-20,688002,睿创微纳,135.04
2026-05-20,688005,容百科技,35.31
2026-05-20,688006,杭可科技,34.65
2026-05-20,688008,澜起科技,257.30
2026-05-20,688010,福光股份,41.20
2026-05-20,688011,新光光电,67.12
2026-05-20,688012,中微公司,490.33
2026-05-20,688013,天臣医疗,31.43
2026-05-20,688017,绿的谐波,323.66
2026-05-20,688018,乐鑫科技,188.58
2026-05-20,688019,安集科技,323.84
2026-05-20,688020,方邦股份,143.21
2026-05-20,688021,奥福科技,27.86
2026-05-20,688025,杰普特,405.50
2026-05-20,688026,洁特生物,15.96
2026-05-20,688027,国盾量子,578.81
2026-05-20,688028,沃尔德,118.10
2026-05-20,688029,南微医学,80.85
2026-05-20,688030,山石网科,17.72
2026-05-20,688032,禾迈股份,114.97
2026-05-20,688035,德邦科技,89.95
2026-05-20,688037,芯源微,307.81
2026-05-20,688038,中科通达,20.69
2026-05-20,688041,海光信息,316.74
2026-05-20,688045,必易微,73.23
2026-05-20,688046,药康生物,21.35
2026-05-20,688047,龙芯中科,166.00
2026-05-20,688049,炬芯科技,52.31
2026-05-20,688051,佳华科技,46.33
2026-05-20,688052,纳芯微,251.50
2026-05-20,688053,ST思科瑞,42.00
2026-05-20,688056,莱伯泰科,35.98
2026-05-20,688057,金达莱,13.56
2026-05-20,688059,华锐精密,145.60
2026-05-20,688060,云涌科技,45.96
2026-05-20,688061,灿瑞科技,43.80
2026-05-20,688062,迈威生物-U,33.12
2026-05-20,688063,派能科技,82.73
2026-05-20,688065,凯赛生物,45.11
2026-05-20,688069,德林海,67.79
2026-05-20,688070,纵横股份,48.41
2026-05-20,688071,华依科技,40.25
2026-05-20,688072,拓荆科技,634.88
2026-05-20,688073,毕得医药,55.21
2026-05-20,688075,安旭生物,36.46
2026-05-20,688077,大地熊,30.73
2026-05-20,688079,美迪凯,18.79
2026-05-20,688081,兴图新科,59.03
2026-05-20,688082,盛美上海,210.68
2026-05-20,688083,中望软件,61.70
2026-05-20,688086,退市紫晶,NaN
2026-05-20,688089,嘉必优,14.83
2026-05-20,688090,瑞松科技,91.65
2026-05-20,688092,爱科科技,29.59
2026-05-20,688093,世华科技,33.42
2026-05-20,688097,博众精工,63.39
2026-05-20,688100,威胜信息,39.51
2026-05-20,688101,三达膜,18.80
2026-05-20,688102,斯瑞新材,41.13
2026-05-20,688103,国力电子,66.75
2026-05-20,688105,诺唯赞,20.81
2026-05-20,688106,金宏气体,32.50
2026-05-20,688107,安路科技,48.40
2026-05-20,688109,品茗科技,90.87
2026-05-20,688110,东芯股份,164.75
2026-05-20,688112,鼎阳科技,75.55
2026-05-20,688113,联测科技,45.86
2026-05-20,688114,华大智造,54.94
2026-05-20,688115,思林杰,60.90
2026-05-20,688116,天奈科技,43.99
2026-05-20,688117,圣诺生物,35.40
2026-05-20,688120,华海清科,298.00
2026-05-20,688121,卓然股份,6.48
2026-05-20,688123,聚辰股份,165.00
2026-05-20,688125,安达智能,212.50
2026-05-20,688126,沪硅产业,29.31
2026-05-20,688127,蓝特光学,98.63
2026-05-20,688128,中国电研,27.37
2026-05-20,688129,东来技术,29.84
2026-05-20,688130,晶华微,30.63
2026-05-20,688131,皓元医药,75.39
2026-05-20,688133,泰坦科技,27.25
2026-05-20,688135,利扬芯片,44.96
2026-05-20,688137,近岸蛋白,46.82
2026-05-20,688138,清溢光电,35.19
2026-05-20,688139,海尔生物,33.25
2026-05-20,688141,杰华特,101.86
2026-05-20,688143,长盈通,142.39
2026-05-20,688146,中船特气,141.58
2026-05-20,688147,微导纳米,99.71
2026-05-20,688148,芳源股份,10.13
2026-05-20,688150,莱特光电,66.11
2026-05-20,688153,唯捷创芯,34.07
2026-05-20,688155,先惠技术,100.47
2026-05-20,688157,松井股份,34.70
2026-05-20,688163,赛伦生物,41.44
2026-05-20,688167,炬光科技,486.21
2026-05-20,688168,安博通,86.40
2026-05-20,688169,石头科技,128.25
2026-05-20,688170,德龙激光,76.80
2026-05-20,688171,纬德信息,53.66
2026-05-20,688172,燕东微,58.88
2026-05-20,688173,希荻微,19.48
2026-05-20,688175,高凌信息,36.78
2026-05-20,688176,亚虹医药-U,12.60
2026-05-20,688178,万德斯,35.54
2026-05-20,688179,阿拉丁,24.10
2026-05-20,688180,君实生物-U,38.50
2026-05-20,688181,八亿时空,40.07
2026-05-20,688182,灿勤科技,44.95
2026-05-20,688183,生益电子,104.14
2026-05-20,688184,ST帕瓦,13.85
2026-05-20,688187,时代电气,54.43
2026-05-20,688188,柏楚电子,177.81
2026-05-20,688190,云路股份,107.00
2026-05-20,688191,智洋创新,58.38
2026-05-20,688192,迪哲医药-U,52.00
2026-05-20,688195,腾景科技,349.07
2026-05-20,688197,首药控股-U,42.36
2026-05-20,688199,久日新材,30.66
2026-05-20,688200,华峰测控,478.00
2026-05-20,688201,ST信安,9.01
2026-05-20,688202,美迪西,63.29
2026-05-20,688203,海正生材,14.58
2026-05-20,688205,德科立,267.07
2026-05-20,688206,概伦电子,39.70
2026-05-20,688208,道通科技,40.26
2026-05-20,688209,英集芯,26.90
2026-05-20,688211,中科微至,39.50
2026-05-20,688213,思特威-W,115.70
2026-05-20,688215,瑞晟智能,78.75
2026-05-20,688216,气派科技,37.57
2026-05-20,688217,睿昂基因,29.24
2026-05-20,688218,江苏北人,45.67
2026-05-20,688219,会通股份,11.83
2026-05-20,688220,翱捷科技-U,124.52
2026-05-20,688221,前沿生物-U,22.37
2026-05-20,688222,成都先导,29.07
2026-05-20,688226,威腾电气,65.12
2026-05-20,688228,开普云,115.72
2026-05-20,688230,芯导科技,75.71
2026-05-20,688231,隆达股份,50.04
2026-05-20,688233,神工股份,107.38
2026-05-20,688234,天岳先进,155.10
2026-05-20,688235,百济神州,243.98
2026-05-20,688236,春立医疗,16.85
2026-05-20,688237,超卓航科,52.11
2026-05-20,688238,和元生物,6.39
2026-05-20,688249,晶合集成,42.88
2026-05-20,688252,天德钰,24.42
2026-05-20,688253,英诺特,65.91
2026-05-20,688255,凯尔达,34.97
2026-05-20,688256,寒武纪,1362.41
2026-05-20,688257,新锐股份,87.28
2026-05-20,688259,创耀科技,40.50
2026-05-20,688262,国芯科技,40.40
2026-05-20,688265,南模生物,39.00
2026-05-20,688266,泽璟制药-U,100.07
2026-05-20,688267,中触媒,34.20
2026-05-20,688268,华特气体,183.00
2026-05-20,688269,凯立新材,41.20
2026-05-20,688271,联影医疗,112.00
2026-05-20,688275,万润新能,146.67
2026-05-20,688277,天智航-U,19.83
2026-05-20,688278,特宝生物,57.90
2026-05-20,688279,峰岹科技,250.00
2026-05-20,688281,华秦科技,84.16
2026-05-20,688282,理工导航,85.17
2026-05-20,688283,坤恒顺维,49.02
2026-05-20,688285,高铁电气,9.11
2026-05-20,688286,敏芯股份,75.51
2026-05-20,688289,圣湘生物,17.74
2026-05-20,688290,景业智能,76.10
2026-05-20,688293,奥浦迈,46.89
2026-05-20,688295,中复神鹰,53.34
2026-05-20,688297,中无人机,45.17
2026-05-20,688299,长阳科技,20.54
2026-05-20,688301,奕瑞科技,164.24
2026-05-20,688303,大全能源,21.49
2026-05-20,688305,科德数控,68.10
2026-05-20,688307,中润光学,91.80
2026-05-20,688310,迈得医疗,16.97
2026-05-20,688312,燕麦科技,103.08
2026-05-20,688313,仕佳光子,184.90
2026-05-20,688315,诺禾致源,15.14
2026-05-20,688317,之江生物,21.66
2026-05-20,688318,财富趋势,117.89
2026-05-20,688321,微芯生物,29.02
2026-05-20,688322,奥比中光-W,102.68
2026-05-20,688323,瑞华泰,37.32
2026-05-20,688325,赛微微电,130.33
2026-05-20,688327,云从科技-UW,14.62
2026-05-20,688328,深科达,76.16
2026-05-20,688329,艾隆科技,26.87
2026-05-20,688331,荣昌生物,116.66
2026-05-20,688332,中科蓝讯,95.24
2026-05-20,688333,铂力特,91.19
2026-05-20,688335,复洁科技,28.22
2026-05-20,688337,普源精电,66.72
2026-05-20,688338,赛科希德,28.41
2026-05-20,688347,华虹公司,177.80
2026-05-20,688348,昱能科技,50.40
2026-05-20,688349,三一重能,22.00
2026-05-20,688350,富淼科技,40.00
2026-05-20,688351,微电生理,25.86
2026-05-20,688353,华盛锂电,100.18
2026-05-20,688357,建龙微纳,35.49
2026-05-20,688358,祥生医疗,34.69
2026-05-20,688359,三孚新科,134.69
2026-05-20,688361,中科飞测,258.94
2026-05-20,688362,甬矽电子,54.82
2026-05-20,688363,华熙生物,40.00
2026-05-20,688367,工大高科,37.18
2026-05-20,688368,晶丰明源,211.13
2026-05-20,688370,丛麟科技,25.58
2026-05-20,688371,菲沃泰,41.40
2026-05-20,688372,伟测科技,172.67
2026-05-20,688375,国博电子,111.35
2026-05-20,688377,迪威尔,43.08
2026-05-20,688378,奥来德,50.33
2026-05-20,688379,华光新材,76.94
2026-05-20,688380,中微半导,55.29
2026-05-20,688381,帝奥微,42.28
2026-05-20,688382,益方生物-U,20.08
2026-05-20,688383,新益昌,139.58
2026-05-20,688385,复旦微电,71.91
2026-05-20,688386,泛亚微透,89.85
2026-05-20,688387,信科移动-U,19.20
2026-05-20,688388,嘉元科技,46.35
2026-05-20,688390,固德威,143.50
2026-05-20,688391,钜泉科技,34.36
2026-05-20,688392,骄成超声,175.90
2026-05-20,688393,安必平,24.59
2026-05-20,688395,正弦电气,31.67
2026-05-20,688396,华润微,65.61
2026-05-20,688399,硕世生物,60.83
2026-05-20,688400,凌云光,67.83
2026-05-20,688401,路维光电,74.33
2026-05-20,688403,XD汇成股,20.74
2026-05-20,688408,中信博,39.94
2026-05-20,688409,富创精密,187.50
2026-05-20,688410,山外山,16.11
2026-05-20,688411,海博思创,265.19
2026-05-20,688416,恒烁股份,125.23
2026-05-20,688418,震有科技,51.11
2026-05-20,688419,耐科装备,57.53
2026-05-20,688420,美腾科技,28.87
2026-05-20,688425,铁建重工,4.45
2026-05-20,688428,诺诚健华,24.49
2026-05-20,688429,时创能源,14.19
2026-05-20,688433,华曙高科,96.45
2026-05-20,688435,英方软件,44.59
2026-05-20,688439,振华风光,52.72
2026-05-20,688443,智翔金泰-U,29.25
2026-05-20,688448,磁谷科技,70.60
2026-05-20,688449,联芸科技,88.60
2026-05-20,688450,光格科技,46.74
2026-05-20,688455,科捷智能,22.05
2026-05-20,688458,美芯晟,46.49
2026-05-20,688469,芯联集成-U,7.99
2026-05-20,688472,阿特斯,15.05
2026-05-20,688475,萤石网络,30.62
2026-05-20,688479,友车科技,41.20
2026-05-20,688480,赛恩斯,94.38
2026-05-20,688484,南芯科技,48.00
2026-05-20,688485,九州一轨,59.80
2026-05-20,688486,龙迅股份,90.41
2026-05-20,688488,艾迪药业,15.97
2026-05-20,688489,三未信安,43.00
2026-05-20,688496,*ST清越,1.60
2026-05-20,688498,源杰科技,1114.94
2026-05-20,688499,利元亨,58.25
2026-05-20,688500,慧辰股份,60.63
2026-05-20,688501,青达环保,24.59
2026-05-20,688502,茂莱光学,585.11
2026-05-20,688503,聚和材料,116.20
2026-05-20,688506,百利天恒,247.31
2026-05-20,688507,索辰科技,155.30
2026-05-20,688508,芯朋微,93.78
2026-05-20,688509,正元地信,4.96
2026-05-20,688511,天微电子,27.83
2026-05-20,688512,慧智微-U,15.36
2026-05-20,688513,苑东生物,56.31
2026-05-20,688515,裕太微-U,238.54
2026-05-20,688516,奥特维,80.75
2026-05-20,688517,金冠电气,24.02
2026-05-20,688518,联赢激光,30.49
2026-05-20,688519,南亚新材,186.95
2026-05-20,688522,纳睿雷达,34.72
2026-05-20,688525,佰维存储,316.60
2026-05-20,688526,科前生物,14.47
2026-05-20,688528,秦川物联,12.72
2026-05-20,688531,日联科技,160.00
2026-05-20,688535,华海诚科,141.28
2026-05-20,688536,思瑞浦,314.30
2026-05-20,688538,和辉光电-U,2.32
2026-05-20,688539,高华科技,39.36
2026-05-20,688543,国科军工,60.40
2026-05-20,688545,兴福电子,86.50
2026-05-20,688549,中巨芯-U,17.92
2026-05-20,688550,瑞联新材,49.48
2026-05-20,688552,航天南湖,36.27
2026-05-20,688553,汇宇制药-W,20.96
2026-05-20,688555,退市泽达,NaN
2026-05-20,688557,兰剑智能,36.24
2026-05-20,688558,国盛智科,41.80
2026-05-20,688559,海目星,65.58
2026-05-20,688560,明冠新材,16.69
2026-05-20,688561,奇安信-U,30.56
2026-05-20,688562,航天软件,18.56
2026-05-20,688563,航材股份,59.37
2026-05-20,688565,力源科技,12.57
2026-05-20,688566,吉贝尔,26.53
2026-05-20,688567,孚能科技,14.11
2026-05-20,688569,铁科轨道,20.54
2026-05-20,688571,杭华股份,10.07
2026-05-20,688573,信宇人,24.59
2026-05-20,688576,西山科技,78.86
2026-05-20,688577,浙海德曼,90.55
2026-05-20,688578,艾力斯,93.94
2026-05-20,688582,芯动联科,54.10
2026-05-20,688584,上海合晶,32.16
2026-05-20,688585,上纬新材,174.05
2026-05-20,688589,力合微,24.76
2026-05-20,688591,泰凌微,40.12
2026-05-20,688593,新相微,42.60
2026-05-20,688595,芯海科技,38.00
2026-05-20,688596,正帆科技,50.21
2026-05-20,688598,金博股份,36.24
2026-05-20,688599,天合光能,17.14
2026-05-20,688600,皖仪科技,28.33
2026-05-20,688601,力芯微,65.06
2026-05-20,688602,康鹏科技,7.62
2026-05-20,688605,先锋精科,84.49
2026-05-20,688607,康众医疗,64.60
2026-05-20,688610,埃科光电,165.00
2026-05-20,688612,威迈斯,32.31
2026-05-20,688613,奥精医疗,19.38
2026-05-20,688616,西力科技,14.10
2026-05-20,688617,惠泰医疗,224.00
2026-05-20,688618,三旺通信,42.51
2026-05-20,688620,安凯微,14.17
2026-05-20,688621,阳光诺和,56.50
2026-05-20,688625,呈和科技,99.70
2026-05-20,688627,精智达,440.00
2026-05-20,688628,优利德,106.37
2026-05-20,688629,华丰科技,146.35
2026-05-20,688630,芯碁微装,291.39
2026-05-20,688635,长进光子,NaN
2026-05-20,688636,智明达,41.49
2026-05-20,688638,誉辰智能,43.25
2026-05-20,688646,ST逸飞,70.30
2026-05-20,688652,京仪装备,171.33
2026-05-20,688653,康希通信,16.36
2026-05-20,688655,迅捷兴,65.90
2026-05-20,688657,浩辰软件,36.61
2026-05-20,688659,元琛科技,11.82
2026-05-20,688660,电气风电,12.51
2026-05-20,688661,和林微纳,131.99
2026-05-20,688662,富信科技,93.40
2026-05-20,688663,新风光,101.10
2026-05-20,688665,四方光电,53.45
2026-05-20,688667,菱电电控,155.58
2026-05-20,688668,鼎通科技,283.88
2026-05-20,688669,聚石化学,35.83
2026-05-20,688670,金迪克,20.34
2026-05-20,688671,碧兴物联,26.49
2026-05-20,688676,金盘科技,102.20
2026-05-20,688678,福立旺,25.48
2026-05-20,688679,通源环境,69.77
2026-05-20,688680,海优新材,48.10
2026-05-20,688681,科汇股份,20.56
2026-05-20,688682,霍莱沃,51.00
2026-05-20,688683,莱尔科技,46.85
2026-05-20,688685,迈信林,55.99
2026-05-20,688689,银河微电,44.15
2026-05-20,688690,纳微科技,37.05
2026-05-20,688691,灿芯股份,128.46
2026-05-20,688692,达梦数据,267.62
2026-05-20,688693,锴威特,126.74
2026-05-20,688696,极米科技,82.90
2026-05-20,688698,伟创电气,81.59
2026-05-20,688699,明微电子,70.55
2026-05-20,688701,卓锦股份,10.67
2026-05-20,688702,盛科通信-U,312.95
2026-05-20,688707,振华新材,16.76
2026-05-20,688708,佳驰科技,53.39
2026-05-20,688709,成都华微,40.41
2026-05-20,688710,益诺思,64.31
2026-05-20,688711,宏微科技,35.74
2026-05-20,688712,北芯生命,49.08
2026-05-20,688717,艾罗能源,131.49
2026-05-20,688718,唯赛勃,17.84
2026-05-20,688719,爱科赛博,79.71
2026-05-20,688720,艾森股份,105.77
2026-05-20,688721,龙图光罩,51.62
2026-05-20,688727,恒坤新材,65.50
2026-05-20,688728,格科微,15.39
2026-05-20,688729,屹唐股份,27.87
2026-05-20,688733,壹石通,37.07
2026-05-20,688737,中自科技,32.00
2026-05-20,688739,成大生物,22.98
2026-05-20,688758,赛分科技,20.04
2026-05-20,688759,必贝特-U,36.08
2026-05-20,688765,禾元生物-U,56.08
2026-05-20,688766,普冉股份,425.00
2026-05-20,688768,容知日新,47.84
2026-05-20,688772,珠海冠宇,16.77
2026-05-20,688777,中控技术,87.97
2026-05-20,688778,厦钨新能,71.60
2026-05-20,688779,五矿新能,9.91
2026-05-20,688781,视涯科技-UW,51.65
2026-05-20,688785,恒运昌,490.50
2026-05-20,688786,悦安新材,34.33
2026-05-20,688789,宏华数科,59.20
2026-05-20,688790,昂瑞微-UW,161.20
2026-05-20,688795,摩尔线程-U,724.51
2026-05-20,688796,百奥赛图,103.46
2026-05-20,688798,艾为电子,75.35
2026-05-20,688800,瑞可达,140.43
2026-05-20,688802,沐曦股份-U,775.00
2026-05-20,688805,健信超导,57.38
2026-05-20,688807,优迅股份,472.60
2026-05-20,688808,联讯仪器,1575.00
2026-05-20,688809,强一股份,531.09
2026-05-20,688811,有研复材,34.36
2026-05-20,688813,泰金新能,141.22
2026-05-20,688816,易思维,74.44
2026-05-20,688819,天能股份,26.79
2026-05-20,688820,盛合晶微,189.24
2026-05-20,688981,中芯国际,133.81
2026-05-20,810011,优机定转,NaN
2026-05-20,810013,万通定转,NaN
2026-05-20,810014,莱特定转,NaN
2026-05-20,832317,观典防务,NaN
2026-05-20,833874,泰祥股份,NaN
2026-05-20,833994,翰博高新,NaN
2026-05-20,920010,凯添燃气,12.90
2026-05-20,920011,晨光电机,28.68
2026-05-20,920015,锦华新材,50.67
2026-05-20,920017,星昊医药,17.28
2026-05-20,920026,卓兆点胶,33.70
2026-05-20,920027,交大铁发,18.18
2026-05-20,920028,新恒泰,23.60
2026-05-20,920058,华洋赛车,NaN
2026-05-20,920068,天工股份,19.94
2026-05-20,920069,普昂医疗,40.90
2026-05-20,920080,奥美森,25.78
2026-05-20,920088,科力股份,43.96
2026-05-20,920096,嘉晨智能,102.35
2026-05-20,920116,星图测控,102.00
2026-05-20,920125,鸿仕达,144.01
2026-05-20,920139,华岭股份,19.86
2026-05-20,920152,昆工科技,17.99
2026-05-20,920156,海昌智能,69.53
2026-05-20,920159,农大科技,38.68
2026-05-20,920161,龙辰科技,NaN
2026-05-20,920167,同享科技,20.07
2026-05-20,920177,恒道科技,38.90
2026-05-20,920178,锐翔智能,310.01
2026-05-20,920179,凯德石英,69.50
2026-05-20,920181,赛英电子,123.18
2026-05-20,920183,海菲曼,43.01
2026-05-20,920185,贝特瑞,29.51
2026-05-20,920186,中科仪,118.96
2026-05-20,920191,瑞尔竞达,13.30
2026-05-20,920200,振宏股份,71.16
2026-05-20,920218,新天力,NaN
2026-05-20,920220,朗信电气,NaN
2026-05-20,920239,长虹能源,29.00
2026-05-20,920305,*ST云创,NaN
2026-05-20,920339,恒太照明,8.47
2026-05-20,920368,连城数控,42.26
2026-05-20,920374,云里物里,22.60
2026-05-20,920378,泰德股份,8.85
2026-05-20,920394,民士达,47.56
2026-05-20,920395,朗鸿科技,10.00
2026-05-20,920427,华维设计,12.99
2026-05-20,920438,戈碧迦,66.14
2026-05-20,920489,佳先股份,16.66
2026-05-20,920491,奥迪威,25.68
2026-05-20,920505,九菱科技,37.98
2026-05-20,920509,同惠电子,34.90
2026-05-20,920526,凯华材料,25.69
2026-05-20,920599,XD同力股,17.49
2026-05-20,920662,方盛股份,24.48
2026-05-20,920680,广道退,NaN
2026-05-20,920690,捷众科技,29.93
2026-05-20,920693,阿为特,32.85
2026-05-20,920699,海达尔,82.90
2026-05-20,920725,惠丰钻石,32.24
2026-05-20,920729,永顺生物,7.88
2026-05-20,920802,保丽洁,14.70
2026-05-20,920808,曙光数创,85.91
2026-05-20,920971,天马新材,32.06
2026-05-20,920976,视声智能,29.08
2026-05-20,920981,晶赛科技,40.42
2026-05-20,920982,锦波生物,162.35